	--  ASRMMM ==> RECBOI --
	--  INGRBS ==> INGBOI --
	
	INSERT INTO AS_UNITE VALUES ('UNT00006','L','litre');	

	INSERT INTO AS_INGREDIENTS VALUES ('INGBOI0031', 'Johnny Walker red label 100cl', 0,'UNT00005',1,185000,1,'Johnny-Walker-red-label-100cl.jpg',null,null,0,'CI00001');
	INSERT INTO AS_INGREDIENTS VALUES ('INGBOI0032', 'Johnny Walker red label 50cl', 0,'UNT00005',1,95000,1,'Johnny-Walker-red-label-50cl.jpg',null,null,0,'CI00001');
	INSERT INTO AS_INGREDIENTS VALUES ('INGBOI0033', 'Johnny Walker black label 100cl', 0,'UNT00005',1,350000,1,'Johnny-Walker-black-label-100cl.jpg',null,null,0,'CI00001');
	INSERT INTO AS_INGREDIENTS VALUES ('INGBOI0034', 'J'||'&'||'B 100cl', 0,'UNT00005',1,185000,1,'J'||'&'||'B-100cl.jpg',null,null,0,'CI00001');		
	INSERT INTO AS_INGREDIENTS VALUES ('INGBOI0035', 'martini', 0,'UNT00005',1,145000,1,'martini.jpg',null,null,0,'CI00001');
	INSERT INTO AS_INGREDIENTS VALUES ('INGBOI0036', 'chivas 12 ans', 0,'UNT00005',1,375000,1,'chivas-12-ans.jpg',null,null,0,'CI00001');
	INSERT INTO AS_INGREDIENTS VALUES ('INGBOI0037', 'cherrydan', 0,'UNT00005',1,215000,1,'cherrydan.jpg',null,null,0,'CI00001');
	INSERT INTO AS_INGREDIENTS VALUES ('INGBOI0047', 'Glenfiddich 15 ans 70cl', 0,'UNT00005',1,390000,1,'Glenfiddich-15-ans-70cll.jpg',null,null,0,'CI00001');
	INSERT INTO AS_INGREDIENTS VALUES ('INGBOI0048', 'jack daniels honey', 0,'UNT00005',1,325000,1,'jack-daniels-honey.jpg',null,null,0,'CI00001');
	INSERT INTO AS_INGREDIENTS VALUES ('INGBOI0049', 'baileys 1L', 0,'UNT00005',1,200000,1,'baileys-1L.jpg',null,null,0,'CI00001');
	INSERT INTO AS_INGREDIENTS VALUES ('INGBOI0050', 'ballentine', 0,'UNT00005',1,200000,1,'ballentine.jpg',null,null,0,'CI00001');
	INSERT INTO AS_INGREDIENTS VALUES ('INGBOI0051', 'double black', 0,'UNT00005',1,390000,1,'double-black.jpg',null,null,0,'CI00001');
	INSERT INTO AS_INGREDIENTS VALUES ('INGBOI0052', 'lavazza', 0,'UNT00005',1,4000,1,'lavazza.jpg',null,null,0,'CI00001');
	
	INSERT INTO AS_INGREDIENTS VALUES ('INGBOI0039', 'visy gasy', 0,'UNT00005',1,0,1,'visy-gasy.jpg',null,null,0,'CI00001');
	INSERT INTO AS_INGREDIENTS VALUES ('INGBOI0040', 'gold', 0,'UNT00005',1,1700,1,'gold.jpg',null,null,0,'CI00001');
	INSERT INTO AS_INGREDIENTS VALUES ('INGBOI0041', 'gold blanche', 0,'UNT00005',1,5000,1,'gold-blanche.jpg',null,null,0,'CI00001');
	INSERT INTO AS_INGREDIENTS VALUES ('INGBOI0053', 'biere beaufort', 0,'UNT00005',1,5000,1,'biere-beaufort.jpg',null,null,0,'CI00001');
	
	INSERT INTO AS_INGREDIENTS values('INGBOI0007', 'jus bouteille coca 100cl', 0, 'UNT00005', 1, 4000, 1, 'jus-bouteille-coca-100cl.jpg', null, null, 0, 'CI00001');
	INSERT INTO AS_INGREDIENTS values('INGBOI0008', 'jus fanta orange 100cl', 0, 'UNT00005', 1, 4000, 1, 'jus-fanta-orange-100cl.jpg', null, null, 0, 'CI00001');
	INSERT INTO AS_INGREDIENTS values('INGBOI0011', 'jus sprite 100cl', 0, 'UNT00005', 1, 4000, 1, 'jus-sprite-100cl.jpg', null, null, 0, 'CI00001');
	INSERT INTO AS_INGREDIENTS values('INGBOI0013', 'jus bonbon anglais 100cl', 0, 'UNT00005', 1, 4000, 1, 'jus-bonbon-anglais-100cl.jpg', null, null, 0, 'CI00001');
	INSERT INTO AS_INGREDIENTS values('INGBOI0010', 'jus TONIC 1l', 0, 'UNT00005', 1, 4000, 1, 'jus-TONIC-1l.jpg', null, null, 0, 'CI00001');
	
	INSERT INTO AS_INGREDIENTS values('INGBOI0017', 'jus bouteille coca 30cl', 0, 'UNT00005', 1, 2000, 1, 'jus-bouteille-coca-30cl.jpg', null, null, 0, 'CI00001');
	INSERT INTO AS_INGREDIENTS values('INGBOI0018', 'jus fanta orange 30cl', 0, 'UNT00005', 1, 2000, 1, 'jus-fanta-orange-30cl.jpg', null, null, 0, 'CI00001');
	INSERT INTO AS_INGREDIENTS values('INGBOI0021', 'jus sprite30cl', 0, 'UNT00005', 1, 2000, 1, 'jus-sprite30cl.jpg', null, null, 0, 'CI00001');
	INSERT INTO AS_INGREDIENTS values('INGBOI0023', 'jus bonbon anglais 30cl', 0, 'UNT00005', 1, 2000, 1, 'jus-bonbon-anglais-30cl.jpg', null, null, 0, 'CI00001');
	INSERT INTO AS_INGREDIENTS values('INGBOI0020', 'jus TONIC 30cl', 0, 'UNT00005', 1, 2000, 1, 'jus-TONIC-30cl.jpg', null, null, 0, 'CI00001');
	
	INSERT INTO AS_INGREDIENTS values('INGBOI0068', 'vitalo', 0, 'UNT00005', 1, 7000, 1, 'vitalo.jpg', null, null, 0, 'CI00001');
	INSERT INTO AS_INGREDIENTS values('INGBOI0001', 'Ice Tea 50cl', 0, 'UNT00005', 1, 2000, 1, 'Ice-Tea-50cl.jpg', null, null, 0, 'CI00001');
	INSERT INTO AS_INGREDIENTS values('INGBOI0002', 'Ice Tea 100cl', 0, 'UNT00005', 1, 7000, 1, 'Ice-Tea-100cl.jpg', null, null, 0, 'CI00001');
	INSERT INTO AS_INGREDIENTS values('INGBOI0003', 'Eau Vive 150cl', 0, 'UNT00005', 1, 3500, 1, 'Eau-Vive-150cl.jpg', null, null, 0, 'CI00001');
	INSERT INTO AS_INGREDIENTS values('INGBOI0004', 'Eau Vive 50cl', 0, 'UNT00005', 1, 2000, 1, 'Eau-Vive-50cl.jpg', null, null, 0, 'CI00001');
	INSERT INTO AS_INGREDIENTS values('INGBOI0005', 'Cristalline 100cl', 0, 'UNT00005', 1, 3000, 1, 'Cristalline-100cl.jpg', null, null, 0, 'CI00001');
	INSERT INTO AS_INGREDIENTS values('INGBOI0006', 'fanta pomme 100cl', 0, 'UNT00005', 1, 4000, 1, 'fanta-pomme-100cl.jpg', null, null, 0, 'CI00001');
	INSERT INTO AS_INGREDIENTS values('INGBOI0009', 'jus fanta raisin 100cl', 0, 'UNT00005', 1, 4000, 1, 'jus-fanta-raisin-100cl.jpg', null, null, 0, 'CI00001');
	INSERT INTO AS_INGREDIENTS values('INGBOI0012', 'jus fanta ananas 100cl', 0, 'UNT00005', 1, 4000, 1, 'jus-fanta-ananas-100cl.jpg', null, null, 0, 'CI00001');
	INSERT INTO AS_INGREDIENTS values('INGBOI0014', 'jus soda 100cl', 0, 'UNT00005', 1, 4000, 1, 'jus-soda-100cl.jpg', null, null, 0, 'CI00001');
	INSERT INTO AS_INGREDIENTS values('INGBOI0015', 'jus letchis citrus 100cl', 0, 'UNT00005', 1, 4000, 1, 'jus-letchis-citrus-100cl.jpg', null, null, 0, 'CI00001');
	INSERT INTO AS_INGREDIENTS values('INGBOI0016', 'fanta pomme 30cl', 0, 'UNT00005', 1, 2000, 1, 'fanta-pomme-30cl.jpg', null, null, 0, 'CI00001');
	INSERT INTO AS_INGREDIENTS values('INGBOI0019', 'jus fanta raisin 30cl', 0, 'UNT00005', 1, 2000, 1, 'jus-fanta-raisin-30cl.jpg', null, null, 0, 'CI00001');
	INSERT INTO AS_INGREDIENTS values('INGBOI0022', 'jus fanta ananas 30cl', 0, 'UNT00005', 1, 2000, 1, 'jus-fanta-ananas-30cl.jpg', null, null, 0, 'CI00001');
	INSERT INTO AS_INGREDIENTS values('INGBOI0024', 'jus soda 30cl', 0, 'UNT00005', 1, 2000, 1, 'jus-soda-30cl.jpg', null, null, 0, 'CI00001');
	INSERT INTO AS_INGREDIENTS values('INGBOI0025', 'jus letchis citrus 30cl', 0, 'UNT00005', 1, 2000, 1, 'jus-letchis-citrus-30cl.jpg', null, null, 0, 'CI00001');
	
	
	INSERT INTO AS_INGREDIENTS values('INGBOI0066', 'Yaourt', 0, 'UNT00006', 1, 1700, 1, 'Yaourt-1-verre.jpg', null, null, 0, 'CI00001');
	INSERT INTO AS_INGREDIENTS values('INGBOI0067', 'Jus Mangue', 0, 'UNT00006', 1, 2125, 1, 'Jus-naturel-1-verre.jpg', null, null, 0, 'CI00001');
	
	INSERT INTO AS_RECETTE VALUES ('RECBOI0001098', 'PRDBS0007', 'INGBOI0007',1,'UNT00005');
	INSERT INTO AS_RECETTE VALUES ('RECBOI0001099', 'PRDBS0008', 'INGBOI0008',1,'UNT00005');
	INSERT INTO AS_RECETTE VALUES ('RECBOI0001100', 'PRDBS0011', 'INGBOI0011',1,'UNT00005');
	INSERT INTO AS_RECETTE VALUES ('RECBOI0001101', 'PRDBS0013', 'INGBOI0013',1,'UNT00005');
	INSERT INTO AS_RECETTE VALUES ('RECBOI0001102', 'PRDBS0010', 'INGBOI0010',1,'UNT00005');
	INSERT INTO AS_RECETTE VALUES ('RECBOI0001103', 'PRDBS0017', 'INGBOI0017',1,'UNT00005');
	INSERT INTO AS_RECETTE VALUES ('RECBOI0001104', 'PRDBS0018', 'INGBOI0018',1,'UNT00005');
	INSERT INTO AS_RECETTE VALUES ('RECBOI0001105', 'PRDBS0021', 'INGBOI0021',1,'UNT00005');
	INSERT INTO AS_RECETTE VALUES ('RECBOI0001106', 'PRDBS0023', 'INGBOI0023',1,'UNT00005');
	INSERT INTO AS_RECETTE VALUES ('RECBOI0001107', 'PRDBS0020', 'INGBOI0020',1,'UNT00005');
	
	INSERT INTO AS_RECETTE VALUES ('RECBOI0001108', 'ASP000153', 'INGBOI0068',1,'UNT00005');
	INSERT INTO AS_RECETTE VALUES ('RECBOI0001109', 'PRDBS0001', 'INGBOI0001',1,'UNT00005');
	INSERT INTO AS_RECETTE VALUES ('RECBOI0001110', 'PRDBS0002', 'INGBOI0002',1,'UNT00005');
	INSERT INTO AS_RECETTE VALUES ('RECBOI0001111', 'PRDBS0003', 'INGBOI0003',1,'UNT00005');
	INSERT INTO AS_RECETTE VALUES ('RECBOI0001112', 'PRDBS0004', 'INGBOI0004',1,'UNT00005');
	INSERT INTO AS_RECETTE VALUES ('RECBOI0001113', 'PRDBS0005', 'INGBOI0005',1,'UNT00005');
	INSERT INTO AS_RECETTE VALUES ('RECBOI0001114', 'PRDBS0006', 'INGBOI0006',1,'UNT00005');
	INSERT INTO AS_RECETTE VALUES ('RECBOI0001115', 'PRDBS0009', 'INGBOI0009',1,'UNT00005');
	INSERT INTO AS_RECETTE VALUES ('RECBOI0001116', 'PRDBS0012', 'INGBOI0012',1,'UNT00005');
	INSERT INTO AS_RECETTE VALUES ('RECBOI0001117', 'PRDBS0014', 'INGBOI0014',1,'UNT00005');
	INSERT INTO AS_RECETTE VALUES ('RECBOI0001118', 'PRDBS0015', 'INGBOI0015',1,'UNT00005');
	INSERT INTO AS_RECETTE VALUES ('RECBOI0001119', 'PRDBS0016', 'INGBOI0016',1,'UNT00005');
	INSERT INTO AS_RECETTE VALUES ('RECBOI0001120', 'PRDBS0019', 'INGBOI0019',1,'UNT00005');
	INSERT INTO AS_RECETTE VALUES ('RECBOI0001121', 'PRDBS0022', 'INGBOI0022',1,'UNT00005');
	INSERT INTO AS_RECETTE VALUES ('RECBOI0001122', 'PRDBS0024', 'INGBOI0024',1,'UNT00005');
	INSERT INTO AS_RECETTE VALUES ('RECBOI0001123', 'PRDBS0025', 'INGBOI0025',1,'UNT00005');
	
	
	INSERT INTO AS_RECETTE VALUES ('RECBOI0001251', 'PRDBS0038', 'INGBOI0066',0.17,'UNT00006');
	INSERT INTO AS_RECETTE VALUES ('RECBOI0001252', 'ASP000143', 'INGBOI0067',0.17,'UNT00006');
	
	
	INSERT INTO AS_RECETTE VALUES ('RECBOI0001232', 'PRDBS0031', 'INGBOI0031',1,'UNT00005');
	INSERT INTO AS_RECETTE VALUES ('RECBOI0001233', 'PRDBS0032', 'INGBOI0032',1,'UNT00005');
	INSERT INTO AS_RECETTE VALUES ('RECBOI0001234', 'PRDBS0033', 'INGBOI0033',1,'UNT00005');
	INSERT INTO AS_RECETTE VALUES ('RECBOI0001235', 'PRDBS0034', 'INGBOI0034',1,'UNT00005');
	INSERT INTO AS_RECETTE VALUES ('RECBOI0001236', 'PRDBS0035', 'INGBOI0035',1,'UNT00005');
	INSERT INTO AS_RECETTE VALUES ('RECBOI0001237', 'PRDBS0036', 'INGBOI0036',1,'UNT00005');
	
	INSERT INTO AS_RECETTE VALUES ('RECBOI0001238', 'PRDBS0046', 'INGBOI0037',1,'UNT00005');
	INSERT INTO AS_RECETTE VALUES ('RECBOI0001239', 'PRDBS0045', 'INGBOI0047',1,'UNT00005');
	INSERT INTO AS_RECETTE VALUES ('RECBOI0001240', 'PRDBS0047', 'INGBOI0048',1,'UNT00005');
	INSERT INTO AS_RECETTE VALUES ('RECBOI0001241', 'PRDBS0048', 'INGBOI0049',1,'UNT00005');
	INSERT INTO AS_RECETTE VALUES ('RECBOI0001242', 'PRDBS0049', 'INGBOI0050',1,'UNT00005');
	INSERT INTO AS_RECETTE VALUES ('RECBOI0001243', 'PRDBS0050', 'INGBOI0051',1,'UNT00005');
	INSERT INTO AS_RECETTE VALUES ('RECBOI0001244', 'PRDBS0051', 'INGBOI0052',1,'UNT00005');
	INSERT INTO AS_RECETTE VALUES ('RECBOI0001245', 'PRDBS0039', 'INGBOI0039',1,'UNT00005');
	INSERT INTO AS_RECETTE VALUES ('RECBOI0001246', 'PRDBS0040', 'INGBOI0040',1,'UNT00005');
	INSERT INTO AS_RECETTE VALUES ('RECBOI0001247', 'PRDBS0041', 'INGBOI0041',1,'UNT00005');
	INSERT INTO AS_RECETTE VALUES ('RECBOI0001248', 'PRDBS0052', 'INGBOI0053',1,'UNT00005');
	
	INSERT INTO AS_RECETTE values('RECBOI0001253', 'PRDBS0003', 'INGBOI0003', 1, 'UNT00005');
	INSERT INTO AS_RECETTE values('RECBOI0001254', 'PRDBS0004', 'INGBOI0004', 1, 'UNT00005');
	INSERT INTO AS_RECETTE values('RECBOI0001255', 'PRDBS0005', 'INGBOI0005', 1, 'UNT00005');
	INSERT INTO AS_RECETTE values('RECBOI0001256', 'PRDBS0044', 'INGBOI0045', 1, 'UNT00005');
	INSERT INTO AS_RECETTE values('RECBOI0001257', 'PRDBS0045', 'INGBOI0046', 1, 'UNT00005');
	INSERT INTO AS_RECETTE values('RECBOI0001258', 'PRDBS0026', 'INGBOI0026', 1, 'UNT00005');
	INSERT INTO AS_RECETTE values('RECBOI0001250', 'PRDBS0027', 'INGBOI0027', 1, 'UNT00005');
	INSERT INTO AS_RECETTE values('RECBOI0001259', 'PRDBS0028', 'INGBOI0028', 1, 'UNT00005');
	INSERT INTO AS_RECETTE values('RECBOI0001260', 'PRDBS0029', 'INGBOI0029', 1, 'UNT00005');
	INSERT INTO AS_RECETTE values('RECBOI0001261', 'PRDBS0030', 'INGBOI0030', 1, 'UNT00005');
	
	INSERT INTO AS_PRODUITS VALUES ('PRDBS0046','cherrydan','cherrydan','cherrydan.jpg','TPD00001',null,null,215000,'INGBOI0037',null,null);
	INSERT INTO AS_PRODUITS VALUES ('PRDBS0045','Glenfiddich 15 ans 70cl','Glenfiddich 15 ans 70cl','Glenfiddich-15-ans-70cl.jpg','TPD00001',null,null,390000,'INGBOI0047',null,null);
	INSERT INTO AS_PRODUITS VALUES ('PRDBS0047','jack daniels honey','jack daniels honey','jack-daniels-honey.jpg','TPD00001',null,null,325000,'INGBOI0048',null,null);
	INSERT INTO AS_PRODUITS VALUES ('PRDBS0048','baileys 1L','baileys 1L','baileys-1L.jpg','TPD00001',null,null,200000,'INGBOI0049',null,null);
	INSERT INTO AS_PRODUITS VALUES ('PRDBS0049','ballentine','ballentine','ballentine.jpg','TPD00001',null,null,200000,'INGBOI0050',null,null);
	INSERT INTO AS_PRODUITS VALUES ('PRDBS0050','double black','double black','double-black.jpg','TPD00001',null,null,390000,'INGBOI0051',null,null);
	INSERT INTO AS_PRODUITS VALUES ('PRDBS0051','lavazza','lavazza','lavazza.jpg','TPD00001',null,null,4000,'INGBOI0052',null,null);
	INSERT INTO AS_PRODUITS VALUES ('PRDBS0052','biere beaufort','biere beaufort','biere-beaufort.jpg','TPD00001',null,null,5000,'INGBOI0053',null,null);
	