CREATE TABLE CATEGORIEINGREDIENT
(
  ID     VARCHAR2(100 BYTE) PRIMARY KEY,
  VAL    VARCHAR2(100 BYTE),
  DESCE  VARCHAR2(100 BYTE)
);

INSERT INTO CATEGORIEINGREDIENT ( ID, VAL, DESCE ) VALUES ( 
'CI00001', 'Boisson', 'Boisson'); 
INSERT INTO CATEGORIEINGREDIENT ( ID, VAL, DESCE ) VALUES ( 
'CI00002', 'Hena sy trondro', 'Hena sy trondro'); 
INSERT INTO CATEGORIEINGREDIENT ( ID, VAL, DESCE ) VALUES ( 
'CI00003', 'Fourniture', 'Fourniture : menaka, dobera, sira, siramamy'); 
INSERT INTO CATEGORIEINGREDIENT ( ID, VAL, DESCE ) VALUES ( 
'CI00004', 'Legume', 'Legume'); 
INSERT INTO CATEGORIEINGREDIENT ( ID, VAL, DESCE ) VALUES ( 
'CI00005', 'Autre', 'Autre'); 
INSERT INTO CATEGORIEINGREDIENT ( ID, VAL, DESCE ) VALUES ( 
'CI00006', 'Dessert', 'Dessert : Gateau, cafe'); 
INSERT INTO CATEGORIEINGREDIENT ( ID, VAL, DESCE ) VALUES ( 
'CI00007', 'Produits fabriques', 'Produits fabriques'); 

insert into point values ('RESTO1','Bel Air','Be lair');
insert into point values ('defaut','Ampasamadinika ambany','Ampasamadinika ambany');
insert into point values ('RESTO3','Ampasamadinika lounge','Ampasamadinika lounge');

COMMIT;



drop table as_ingredients;
CREATE TABLE AS_INGREDIENTS
(
  ID                   VARCHAR2(50 BYTE)        NOT NULL,
  LIBELLE              VARCHAR2(250 BYTE),
  SEUIL                NUMBER(10,2),
  UNITE                VARCHAR2(100 BYTE),
  QUANTITEPARPACK      NUMBER(10,2),
  PU                   NUMBER(10,2),
  ACTIF                number(2,0)                  DEFAULT 1,
  PHOTO                VARCHAR2(100 BYTE),
  CALORIE              NUMBER(5,2),
  DURRE                NUMBER(3,0),
  COMPOSE              NUMBER(8)                DEFAULT 0,
  CATEGORIEINGREDIENT  VARCHAR2(100 BYTE)
);


ALTER TABLE AS_INGREDIENTS ADD (
  PRIMARY KEY
 (ID));


ALTER TABLE AS_INGREDIENTS ADD (
  FOREIGN KEY (CATEGORIEINGREDIENT) 
 REFERENCES CATEGORIEINGREDIENT (ID));

ALTER TABLE AS_INGREDIENTS ADD (
  FOREIGN KEY (UNITE) 
 REFERENCES AS_UNITE (ID));

 ALTER TABLE AS_PRODUITS ADD 
 FOREIGN KEY (TYPEPRODUIT)
 REFERENCES AS_TYPEPRODUIT (ID) ENABLE
 VALIDATE;



CREATE TABLE INVENTAIREMERE
(
  ID                     VARCHAR2(100 BYTE) PRIMARY KEY,
  DATY                   DATE,
  DEPOT                  VARCHAR2(100 BYTE),
  TYPE                   VARCHAR2(100 BYTE),
  OBSERVATION            VARCHAR2(500 BYTE),
  ETAT                   INTEGER,
  IDCATEGORIEINGREDIENT  VARCHAR2(100 BYTE)
);
ALTER TABLE INVENTAIREMERE ADD (
  CONSTRAINT IDCATEGORIEINGREDIENT_FK 
 FOREIGN KEY (IDCATEGORIEINGREDIENT) 
 REFERENCES CATEGORIEINGREDIENT (ID));

CREATE SEQUENCE  SEQinventairemere  MINVALUE 1 MAXVALUE 9999999999999999999999999 INCREMENT BY 1 START WITH 2 NOCACHE  NOORDER  NOCYCLE ;   
create or replace FUNCTION GETinventairemere RETURN NUMBER IS retour NUMBER;
  BEGIN
    SELECT SEQinventairemere.nextval INTO retour FROM dual;
    return retour;
  END;



CREATE TABLE INVENTAIREDETAILS
(
  ID                     VARCHAR2(100 BYTE) PRIMARY KEY,
  IDMERE                 VARCHAR2(100 BYTE),
  IDINGREDIENT           VARCHAR2(100 BYTE),
  IDUSER                 VARCHAR2(100 BYTE),
  QUANTITER              NUMBER(18,2),
  EXPLICATION            VARCHAR2(500 BYTE),
  ETAT                   INTEGER,
  IDCATEGORIEINGREDIENT  VARCHAR2(100 BYTE),
  DATY                   DATE
);


ALTER TABLE INVENTAIREDETAILS ADD (
  CONSTRAINT INVENTAIREDET_FK 
 FOREIGN KEY (IDCATEGORIEINGREDIENT) 
 REFERENCES CATEGORIEINGREDIENT (ID));


CREATE SEQUENCE  SEQinventairedetails  MINVALUE 1 MAXVALUE 9999999999999999999999999 INCREMENT BY 1 START WITH 2 NOCACHE  NOORDER  NOCYCLE ;   
create or replace FUNCTION GETinventairedetails RETURN NUMBER IS retour NUMBER; BEGIN SELECT SEQinventairedetails.nextval INTO retour FROM dual; return retour; END;

CREATE TABLE INVENTAIRECOMPOSE
(
  ID                     VARCHAR2(100 BYTE) PRIMARY KEY,
  IDMERE                 VARCHAR2(100 BYTE),
  IDINGREDIENT           VARCHAR2(100 BYTE),
  IDUSER                 NUMBER(10),
  QUANTITER              NUMBER(18,2),
  EXPLICATION            VARCHAR2(100 BYTE),
  ETAT                   NUMBER(10),
  IDCATEGORIEINGREDIENT  VARCHAR2(100 BYTE),
  DATY                   DATE
);


ALTER TABLE INVENTAIRECOMPOSE ADD (
  CONSTRAINT INVENTAIRECOMPOSEUSER_FK 
 FOREIGN KEY (IDUSER) 
 REFERENCES UTILISATEUR (REFUSER));

ALTER TABLE INVENTAIRECOMPOSE ADD (
  CONSTRAINT INVENTAIRECOMPOSEING_FK 
 FOREIGN KEY (IDINGREDIENT) 
 REFERENCES AS_INGREDIENTS (ID));

ALTER TABLE INVENTAIRECOMPOSE ADD (
  CONSTRAINT INVENTAIRECOMPOSEMERE_FK 
 FOREIGN KEY (IDMERE) 
 REFERENCES INVENTAIREMERE (ID));

ALTER TABLE INVENTAIRECOMPOSE ADD (
  CONSTRAINT INVENTAIRECOMP_FK 
 FOREIGN KEY (IDCATEGORIEINGREDIENT) 
 REFERENCES CATEGORIEINGREDIENT (ID));



CREATE TABLE typeInventaire
(
  ID     VARCHAR2(100 BYTE) PRIMARY KEY,
  VAL    VARCHAR2(100 BYTE),
  DESCE  VARCHAR2(100 BYTE)
);
insert into typeInventaire (id, val, desce) values (1, 'Fin exo', 'Fin exo');
insert into typeInventaire (id, val, desce) values (2, 'Periodique', 'Periodique');


create or replace view inventairedetailslib as
    select
            invdet.id,
           invDet.idmere,
           ing.LIBELLE as idingredient,
           invDet.idUser,
           invDet.quantiter,
            invDet.explication,
           invDet.etat,
           catIng.VAL as idcategorieingredient,
           invDet.DATY

        from inventairedetails invDet
        left join AS_INGREDIENTS ing on ing.id=invDet.idingredient
        left join CATEGORIEINGREDIENT catIng on catIng.ID=invDet.IDCATEGORIEINGREDIENT;


CREATE TABLE BESOIN
(
  ID         VARCHAR2(100 BYTE) PRIMARY KEY,
  IDPRODUIT  VARCHAR2(100 BYTE),
  REMARQUE   VARCHAR2(500 BYTE),
  QUANTITE   NUMBER(10,2)
);


INSERT INTO BESOIN ( ID, IDPRODUIT, REMARQUE, QUANTITE ) VALUES ( 
'B1', 'PRDBS0038', NULL, 30); 
INSERT INTO BESOIN ( ID, IDPRODUIT, REMARQUE, QUANTITE ) VALUES ( 
'B2', 'PRODTAT1', NULL, 20); 
COMMIT;

CREATE OR REPLACE VIEW PRODUITINGREDIENTBESOIN
(IDRECETTE, IDPRODUIT, PRODUIT, IDINGREDIENTS, INGREDIENT, 
 QUANTITEINGREDIENT, QUANTITEPRODUIT, QUANTITEBESOIN, IDUNITE, UNITE)
AS 
select 
r.id as idrecette, p.id as idproduit, p.designation as produit, i.id as idingredients, i.libelle as ingredient, r.quantite as quantiteingredient, b.quantite as quantiteproduit, r.quantite * b.quantite as quantitebesoin, r.unite as idunite, u.val as unite
from as_recette r
join as_produits p on p.id = r.idproduits
join as_ingredients i on  i.id = r.idingredients
join as_unite u on u.id = r.unite
join besoin b on b.idproduit = p.id;

 CREATE OR REPLACE VIEW PROPOSITIONACHATEXT
(IDRECETTE, IDPRODUIT, PRODUIT, IDINGREDIENTS, INGREDIENT, 
 QUANTITEINGREDIENT, QUANTITEPRODUIT, QUANTITEBESOIN, IDUNITE, UNITE, 
 QUANTITEVENDU, QUANTITEUTILISE, DATECOMMANDE, QUANTITEACHAT)
AS 
select p.idrecette, p.idproduit, p.produit, p.idingredients, p.ingredient, p.quantiteingredient, p.quantiteproduit, 
p.quantitebesoin, p.idunite, p.unite, 0, 
0, '-', 0 as quantiteachat 
from PRODUITINGREDIENTBESOIN p;

 CREATE OR REPLACE VIEW AS_INGREDIENTS_LIB_SAISIE
(ID, LIBELLE, SEUIL, UNITE, QUANTITEPARPACK, 
 PU, ACTIF, PHOTO, CALORIE, DURRE, 
 COMPOSE, CATEGORIEINGREDIENT)
AS 
select

        ing.id,

        ing.LIBELLE,

        ing.SEUIL,

        au.VAL as unite,

        ing.QUANTITEPARPACK,

        ing.pu,

        ing.ACTIF,

        ing.PHOTO,

        ing.CALORIE,

        ing.DURRE,

        ing.COMPOSE,

        ing.CATEGORIEINGREDIENT



        from AS_INGREDIENTS ing

        join AS_UNITE AU on ing.UNITE = AU.ID
/

CREATE OR REPLACE VIEW "AS_INGREDIENTS_LIBELLEV" 
("ID",
"LIBELLE",
"SEUIL",
"UNITE",
"QUANTITEPARPACK",
"PU") AS
SELECT as_ingredients.id,
       as_ingredients.libelle,
       as_ingredients.seuil,
       as_unite.val AS unite,
       as_ingredients.quantiteparpack,
       as_ingredients.pu
FROM as_ingredients
JOIN as_unite ON as_ingredients.unite = as_unite.id;

CREATE OR REPLACE VIEW "AS_RECETTE_LIBELLEV" ("ID",
                                                    "IDPRODUITS",
                                                    "IDINGREDIENTS",
                                                    "QUANTITE",
                                                    "UNITE") AS
SELECT rc.id,
       rc.idproduits,
       igdr.libelle AS idingredients,
       rc.quantite,
       unit.val AS unite
FROM as_recette rc
JOIN as_ingredients igdr ON rc.idingredients = igdr.id
JOIN as_unite unit ON igdr.unite = unit.id;

create or replace view inventaireMereLib as
select i.id,i.daty,i.depot,t.val as type,i.observation,i.etat,c.val as idcategorieIngredient
from inventaireMere i,categorieIngredient c,typeinventaire t 
where i.idcategorieIngredient=c.id and i.type=t.id;

CREATE OR REPLACE VIEW INVENTAIREDETAILSLIB
(ID, IDMERE, IDINGREDIENT, IDUSER, QUANTITER, 
 EXPLICATION, ETAT, IDCATEGORIEINGREDIENT, DATY)
AS 
select
            invdet.id,
           invDet.idmere,
           ing.LIBELLE as idingredient,
           invDet.idUser,
           invDet.quantiter,
            invDet.explication,
           invDet.etat,
           catIng.VAL as idcategorieingredient,
           invDet.DATY

        from inventairedetails invDet
        left join AS_INGREDIENTS ing on ing.id=invDet.idingredient
        left join CATEGORIEINGREDIENT catIng on catIng.ID=invDet.IDCATEGORIEINGREDIENT
        join inventaireMere im on invDet.idmere=im.id
        where im.etat>=11;


CREATE OR REPLACE VIEW AS_MVTSTOCK_FILLEDETAIL_LIB
(ID, INGREDIENTS, ENTREE, SORTIE, DATY, 
 UNITE)
AS 
select fille.id,grd.libelle as ingredients, fille.entree, fille.sortie, mere.daty, grd.unite
  from as_mvt_stock_fille fille 
    join as_mvt_stock mere on fille.idmvtstock = mere.id 
    join as_ingredients grd on fille.ingredients = grd.id;




create table fabrication(
    id varchar2(100) constraint fabrication_pk primary key ,
    Daty date,
    Ingredient varchar2(50) references AS_INGREDIENTS(id),
    Qte number(10,2),
    Remarque varchar2(50),
    Etat number(10)
);
CREATE SEQUENCE SeqFabrication
  MINVALUE 1
  MAXVALUE 999999999999999999999999999
  START WITH 1
  INCREMENT BY 1
  CACHE 20;

create or replace FUNCTION getSeqFabrication
  RETURN NUMBER IS
  retour NUMBER;
BEGIN
  SELECT SeqFabrication.nextval INTO retour FROM dual;
  return retour;
END;
/
alter table AS_MVT_STOCK_FILLE add IdUnite references AS_UNITE;

create or replace view  AS_INGREDIENTS_LIB as
    select
        ing.id,
        ing.LIBELLE,
        ing.SEUIL,
        au.VAL as unite,
        ing.QUANTITEPARPACK,
        ing.pu,
        ing.ACTIF,
        ing.PHOTO,
        ing.CALORIE,
        ing.DURRE,
        ing.COMPOSE,
        catIng.VAL as CATEGORIEINGREDIENT,
        ing.CATEGORIEINGREDIENT as idcategorie

        from AS_INGREDIENTS ing
        join AS_UNITE AU on ing.UNITE = AU.ID
        join CATEGORIEINGREDIENT catIng on catIng.id=ing.CATEGORIEINGREDIENT;
		
create view as_ingredients_fabrique as
    select
            fali.*
        from AS_INGREDIENTS_LIB fali where idcategorie='CI00007';
INSERT INTO MENUDYNAMIQUE ("ID", "LIBELLE", "ICONE", "HREF", "RANG", "NIVEAU", "ID_PERE") VALUES ('ASM00015', 'Fabrication', 'fa fa-list', null, 11, 1, null);
INSERT INTO USERMENU ("ID", "REFUSER", "IDMENU", "IDROLE", "CODESERVICE", "CODEDIR", "INTERDIT") VALUES ('USM000020', '1079', 'ASM00015', 'dg', null, null, null);

INSERT INTO MENUDYNAMIQUE ("ID", "LIBELLE", "ICONE", "HREF", "RANG", "NIVEAU", "ID_PERE") VALUES ('ASM000151', 'Création', 'fa fa-plus', '/phobo/pages/module.jsp?but=stock/gestionDeFabrication/fabrication-saisie.jsp', 1, 2, 'ASM00015');
INSERT INTO MENUDYNAMIQUE ("ID", "LIBELLE", "ICONE", "HREF", "RANG", "NIVEAU", "ID_PERE") VALUES ('ASM000152', 'Liste', 'fa fa-list', '/phobo/pages/module.jsp?but=stock/gestionDeFabrication/fabrication-liste.jsp', 2, 2, 'ASM00015');


delete from menudynamique where id='ASM00008034';
INSERT INTO MENUDYNAMIQUE ( ID, LIBELLE, ICONE, HREF, RANG, NIVEAU,ID_PERE ) VALUES ( 
'ASINV0803', 'Inventaire', 'fa fa-home', NULL, 12, 1, null); 
INSERT INTO USERMENU ("ID", "REFUSER", "IDMENU", "IDROLE", "CODESERVICE", "CODEDIR", "INTERDIT") VALUES ('USMINV0020', '1079', 'ASINV0803', 'dg', null, null, null);


INSERT INTO MENUDYNAMIQUE ("ID", "LIBELLE", "ICONE", "HREF", "RANG", "NIVEAU", "ID_PERE") VALUES ('ASMINV0011', 'Saisie', 'fa fa-list', '/phobo/pages/module.jsp?but=stock/mvtStock/saisie-inventaire-multiple.jsp', 1, 2, 'ASINV0803');
INSERT INTO MENUDYNAMIQUE ("ID", "LIBELLE", "ICONE", "HREF", "RANG", "NIVEAU", "ID_PERE") VALUES ('ASMINV0012', 'liste', 'fa fa-list', '/phobo/pages/module.jsp?but=stock/inventaire/inventaire-liste.jsp', 2, 2, 'ASINV0803');
INSERT INTO MENUDYNAMIQUE ("ID", "LIBELLE", "ICONE", "HREF", "RANG", "NIVEAU", "ID_PERE") VALUES ('ASMINV0012', 'analyse', 'fa fa-list', '/phobo/pages/module.jsp?but=stock/inventaire/inventaire-analyse.jsp', 3, 2, 'ASINV0803');
commit;
create view fabricationlib as
    select
            fab.id,
            fab.Daty,
            ing.LIBELLE as ingredient,
            fab.qte,
            fab.Remarque,
            fab.Etat
        from fabrication fab
        join AS_INGREDIENTS ing on ing.ID=fab.Ingredient;

create or replace view AS_MVTSTOCK_FILLE_LIBL as
    select
           mvt.id,
           mvt.idmvtstock,
           igd.libelle as ingredients,
           mvt.entree,
           mvt.sortie,
            mvt.solde,
           mvt.pu,
           mvt.idmvt,
           mvt.STOCK_INIT,
           un.VAL as idunite
    from as_mvt_stock_fille mvt
            join as_ingredients igd on mvt.ingredients = igd.id
            join AS_UNITE un on un.id = mvt.IDUNITE;

CREATE OR REPLACE VIEW AS_ETATSTOCK1
(INGREDIENTS, UNITE, ENTREE, SORTIE, RESTE, 
 REPORT, DATY, POINT)
AS 
select igdr.id as ingredients, igdr.unite as unite, nvl(tab.entree,0) as entree, nvl(tab.sortie, 0) as sortie,
nvl(reste, 0) as reste, nvl(report, 0) as report, nvl(tab.daty, (select current_date from dual)) as daty,tab.point
from as_ingredients igdr,
(select as_mvt_stock_fille.ingredients as ingredients,  cast(sum(entree) as number(20,2)) as entree,
cast(sum(sortie) as number(20,2)) as sortie, cast((sum(entree)-sum(sortie)) as number(20,2)) as reste,
cast(as_mvt_stock_fille.stock_init as number(20,2)) as report, point.val as point,as_mvt_stock.daty from as_mvt_stock_fille
join as_mvt_stock on as_mvt_stock_fille.idmvtstock = as_mvt_stock.id
left join point on as_mvt_stock.depot=point.id
group by as_mvt_stock.daty, as_mvt_stock_fille.ingredients,point.val,as_mvt_stock_fille.stock_init) tab
where tab.ingredients (+)=igdr.id
/
CREATE OR REPLACE VIEW AS_ETATSTOCK_LIBELLE1
(INGREDIENTS, UNITE, ENTREE, SORTIE, RESTE, 
 REPORT, DATY, POINT)
AS 
select as_ingredients.libelle as ingredients, unite.val as unite
, as_etatstock1.entree, as_etatstock1.sortie, as_etatstock1.reste, as_etatstock1.report, as_etatstock1.daty,as_etatstock1.point 
from as_etatstock1 
join  unite on  unite.id = as_etatstock1.unite 
join as_ingredients on  as_etatstock1.ingredients = as_ingredients.id
/

CREATE OR REPLACE VIEW AS_MVTSTOCK_FDTLIBUNITE
(ID, INGREDIENTS, ENTREE, SORTIE, DATY, 
 UNITE, IDINGREDIENTS, POINT)
AS 
select fille.id,grd.libelle as ingredients, fille.entree, fille.sortie, mere.daty, u.val as unite,fille.INGREDIENTS,mere.depot
  from as_mvt_stock_fille fille 
    join as_mvt_stock mere on fille.idmvtstock = mere.id 
    join as_ingredients grd on fille.ingredients = grd.id
    join as_unite u on grd.UNITE=u.id
    where mere.etat>=11;

  CREATE OR REPLACE VIEW INVENTAIREDETAILSLIBINVENT
(ID, IDMERE, IDINGREDIENT, IDUSER, QUANTITER, 
 EXPLICATION, ETAT, IDCATEGORIEINGREDIENT, DATY)
AS 
select
            invdet.id,
           invDet.idmere,
           ing.LIBELLE as idingredient,
           invDet.idUser,
           invDet.quantiter,
            im.depot as explication,
           invDet.etat,
           catIng.VAL as idcategorieingredient,
           im.DATY

        from inventairedetails invDet
        left join AS_INGREDIENTS ing on ing.id=invDet.idingredient
        left join CATEGORIEINGREDIENT catIng on catIng.ID=invDet.IDCATEGORIEINGREDIENT
        join inventaireMere im on invDet.idmere=im.id
        where im.etat>=11
/

INSERT INTO INVENTAIREMERE ( ID, DATY, DEPOT, TYPE, OBSERVATION, ETAT,
IDCATEGORIEINGREDIENT ) VALUES ( 
'INV1',  TO_Date( '01/01/2020 12:00:00 AM', 'MM/DD/YYYY HH:MI:SS AM'), 'defaut', 'ty'
, 'huhu', 11, 'CI00001'); 


INSERT INTO INVENTAIREDETAILS ( ID, IDMERE, IDINGREDIENT, IDUSER, QUANTITER, EXPLICATION, ETAT,
IDCATEGORIEINGREDIENT, DATY ) VALUES ( 
'IND1', 'INV1', 'INGBOI0017', 'u', 0, 'huhu', 11, 'CI00001',  TO_Date( '04/01/2020 12:00:00 AM', 'MM/DD/YYYY HH:MI:SS AM')); 
INSERT INTO INVENTAIREDETAILS ( ID, IDMERE, IDINGREDIENT, IDUSER, QUANTITER, EXPLICATION, ETAT,
IDCATEGORIEINGREDIENT, DATY ) VALUES ( 
'IND2', 'INV1', 'INGS000751', 'u', 0, '-', 11, 'CI00003',  TO_Date( '01/01/2020 12:00:00 AM', 'MM/DD/YYYY HH:MI:SS AM')); 
INSERT INTO INVENTAIREDETAILS ( ID, IDMERE, IDINGREDIENT, IDUSER, QUANTITER, EXPLICATION, ETAT,
IDCATEGORIEINGREDIENT, DATY ) VALUES ( 
'IND3', 'INV1', 'INGS000752', 'u', 0, '-', 11, 'CI00003',  TO_Date( '01/01/2020 12:00:00 AM', 'MM/DD/YYYY HH:MI:SS AM')); 
INSERT INTO INVENTAIREDETAILS ( ID, IDMERE, IDINGREDIENT, IDUSER, QUANTITER, EXPLICATION, ETAT,
IDCATEGORIEINGREDIENT, DATY ) VALUES ( 
'IND4', 'INV1', 'INGS000753', 'u', 0, '-', 11, 'CI00003',  TO_Date( '01/01/2020 12:00:00 AM', 'MM/DD/YYYY HH:MI:SS AM')); 
INSERT INTO INVENTAIREDETAILS ( ID, IDMERE, IDINGREDIENT, IDUSER, QUANTITER, EXPLICATION, ETAT,
IDCATEGORIEINGREDIENT, DATY ) VALUES ( 
'IND5', 'INV1', 'INGS000754', 'u', 0, '-', 11, 'CI00001',  TO_Date( '01/01/2020 12:00:00 AM', 'MM/DD/YYYY HH:MI:SS AM')); 
INSERT INTO INVENTAIREDETAILS ( ID, IDMERE, IDINGREDIENT, IDUSER, QUANTITER, EXPLICATION, ETAT,
IDCATEGORIEINGREDIENT, DATY ) VALUES ( 
'IND6', 'INV1', 'INGS000758', 'u', 0, '-', 11, 'CI00003',  TO_Date( '01/01/2020 12:00:00 AM', 'MM/DD/YYYY HH:MI:SS AM')); 
INSERT INTO INVENTAIREDETAILS ( ID, IDMERE, IDINGREDIENT, IDUSER, QUANTITER, EXPLICATION, ETAT,
IDCATEGORIEINGREDIENT, DATY ) VALUES ( 
'IND7', 'INV1', 'INGS000759', 'u', 0, '-', 11, 'CI00002',  TO_Date( '01/01/2020 12:00:00 AM', 'MM/DD/YYYY HH:MI:SS AM')); 
INSERT INTO INVENTAIREDETAILS ( ID, IDMERE, IDINGREDIENT, IDUSER, QUANTITER, EXPLICATION, ETAT,
IDCATEGORIEINGREDIENT, DATY ) VALUES ( 
'IND8', 'INV1', 'INGS000760', 'u', 0, '-', 11, 'CI00002',  TO_Date( '01/01/2020 12:00:00 AM', 'MM/DD/YYYY HH:MI:SS AM')); 
INSERT INTO INVENTAIREDETAILS ( ID, IDMERE, IDINGREDIENT, IDUSER, QUANTITER, EXPLICATION, ETAT,
IDCATEGORIEINGREDIENT, DATY ) VALUES ( 
'IND9', 'INV1', 'INGS000761', 'u', 0, '-', 11, 'CI00003',  TO_Date( '01/01/2020 12:00:00 AM', 'MM/DD/YYYY HH:MI:SS AM')); 
INSERT INTO INVENTAIREDETAILS ( ID, IDMERE, IDINGREDIENT, IDUSER, QUANTITER, EXPLICATION, ETAT,
IDCATEGORIEINGREDIENT, DATY ) VALUES ( 
'IND10', 'INV1', 'INGS000762', 'u', 0, '-', 11, 'CI00002',  TO_Date( '01/01/2020 12:00:00 AM', 'MM/DD/YYYY HH:MI:SS AM')); 
INSERT INTO INVENTAIREDETAILS ( ID, IDMERE, IDINGREDIENT, IDUSER, QUANTITER, EXPLICATION, ETAT,
IDCATEGORIEINGREDIENT, DATY ) VALUES ( 
'IND11', 'INV1', 'INGS000763', 'u', 0, '-', 11, NULL,  TO_Date( '01/01/2020 12:00:00 AM', 'MM/DD/YYYY HH:MI:SS AM')); 
INSERT INTO INVENTAIREDETAILS ( ID, IDMERE, IDINGREDIENT, IDUSER, QUANTITER, EXPLICATION, ETAT,
IDCATEGORIEINGREDIENT, DATY ) VALUES ( 
'IND12', 'INV1', 'INGS000764', 'u', 0, '-', 11, 'CI00002',  TO_Date( '01/01/2020 12:00:00 AM', 'MM/DD/YYYY HH:MI:SS AM')); 
INSERT INTO INVENTAIREDETAILS ( ID, IDMERE, IDINGREDIENT, IDUSER, QUANTITER, EXPLICATION, ETAT,
IDCATEGORIEINGREDIENT, DATY ) VALUES ( 
'IND13', 'INV1', 'INGS000765', 'u', 0, '-', 11, 'CI00004',  TO_Date( '01/01/2020 12:00:00 AM', 'MM/DD/YYYY HH:MI:SS AM')); 
INSERT INTO INVENTAIREDETAILS ( ID, IDMERE, IDINGREDIENT, IDUSER, QUANTITER, EXPLICATION, ETAT,
IDCATEGORIEINGREDIENT, DATY ) VALUES ( 
'IND14', 'INV1', 'INGS000766', 'u', 0, '-', 11, NULL,  TO_Date( '01/01/2020 12:00:00 AM', 'MM/DD/YYYY HH:MI:SS AM')); 
INSERT INTO INVENTAIREDETAILS ( ID, IDMERE, IDINGREDIENT, IDUSER, QUANTITER, EXPLICATION, ETAT,
IDCATEGORIEINGREDIENT, DATY ) VALUES ( 
'IND15', 'INV1', 'INGS000767', 'u', 0, '-', 11, 'CI00004',  TO_Date( '01/01/2020 12:00:00 AM', 'MM/DD/YYYY HH:MI:SS AM')); 
INSERT INTO INVENTAIREDETAILS ( ID, IDMERE, IDINGREDIENT, IDUSER, QUANTITER, EXPLICATION, ETAT,
IDCATEGORIEINGREDIENT, DATY ) VALUES ( 
'IND16', 'INV1', 'INGS000768', 'u', 0, '-', 11, NULL,  TO_Date( '01/01/2020 12:00:00 AM', 'MM/DD/YYYY HH:MI:SS AM')); 
INSERT INTO INVENTAIREDETAILS ( ID, IDMERE, IDINGREDIENT, IDUSER, QUANTITER, EXPLICATION, ETAT,
IDCATEGORIEINGREDIENT, DATY ) VALUES ( 
'IND17', 'INV1', 'INGS000769', 'u', 0, '-', 11, 'CI00003',  TO_Date( '01/01/2020 12:00:00 AM', 'MM/DD/YYYY HH:MI:SS AM')); 
INSERT INTO INVENTAIREDETAILS ( ID, IDMERE, IDINGREDIENT, IDUSER, QUANTITER, EXPLICATION, ETAT,
IDCATEGORIEINGREDIENT, DATY ) VALUES ( 
'IND18', 'INV1', 'INGS000770', 'u', 0, '-', 11, NULL,  TO_Date( '01/01/2020 12:00:00 AM', 'MM/DD/YYYY HH:MI:SS AM')); 
INSERT INTO INVENTAIREDETAILS ( ID, IDMERE, IDINGREDIENT, IDUSER, QUANTITER, EXPLICATION, ETAT,
IDCATEGORIEINGREDIENT, DATY ) VALUES ( 
'IND19', 'INV1', 'INGS000771', 'u', 0, '-', 11, NULL,  TO_Date( '01/01/2020 12:00:00 AM', 'MM/DD/YYYY HH:MI:SS AM')); 
INSERT INTO INVENTAIREDETAILS ( ID, IDMERE, IDINGREDIENT, IDUSER, QUANTITER, EXPLICATION, ETAT,
IDCATEGORIEINGREDIENT, DATY ) VALUES ( 
'IND20', 'INV1', 'INGS000772', 'u', 0, '-', 11, NULL,  TO_Date( '01/01/2020 12:00:00 AM', 'MM/DD/YYYY HH:MI:SS AM')); 
INSERT INTO INVENTAIREDETAILS ( ID, IDMERE, IDINGREDIENT, IDUSER, QUANTITER, EXPLICATION, ETAT,
IDCATEGORIEINGREDIENT, DATY ) VALUES ( 
'IND21', 'INV1', 'INGS000773', 'u', 0, '-', 11, NULL,  TO_Date( '01/01/2020 12:00:00 AM', 'MM/DD/YYYY HH:MI:SS AM')); 
INSERT INTO INVENTAIREDETAILS ( ID, IDMERE, IDINGREDIENT, IDUSER, QUANTITER, EXPLICATION, ETAT,
IDCATEGORIEINGREDIENT, DATY ) VALUES ( 
'IND22', 'INV1', 'INGS000774', 'u', 0, '-', 11, NULL,  TO_Date( '01/01/2020 12:00:00 AM', 'MM/DD/YYYY HH:MI:SS AM')); 
INSERT INTO INVENTAIREDETAILS ( ID, IDMERE, IDINGREDIENT, IDUSER, QUANTITER, EXPLICATION, ETAT,
IDCATEGORIEINGREDIENT, DATY ) VALUES ( 
'IND23', 'INV1', 'INGS000775', 'u', 0, '-', 11, 'CI00004',  TO_Date( '01/01/2020 12:00:00 AM', 'MM/DD/YYYY HH:MI:SS AM')); 
INSERT INTO INVENTAIREDETAILS ( ID, IDMERE, IDINGREDIENT, IDUSER, QUANTITER, EXPLICATION, ETAT,
IDCATEGORIEINGREDIENT, DATY ) VALUES ( 
'IND24', 'INV1', 'INGS000776', 'u', 0, '-', 11, 'CI00004',  TO_Date( '01/01/2020 12:00:00 AM', 'MM/DD/YYYY HH:MI:SS AM')); 
INSERT INTO INVENTAIREDETAILS ( ID, IDMERE, IDINGREDIENT, IDUSER, QUANTITER, EXPLICATION, ETAT,
IDCATEGORIEINGREDIENT, DATY ) VALUES ( 
'IND25', 'INV1', 'INGS000777', 'u', 0, '-', 11, NULL,  TO_Date( '01/01/2020 12:00:00 AM', 'MM/DD/YYYY HH:MI:SS AM')); 
INSERT INTO INVENTAIREDETAILS ( ID, IDMERE, IDINGREDIENT, IDUSER, QUANTITER, EXPLICATION, ETAT,
IDCATEGORIEINGREDIENT, DATY ) VALUES ( 
'IND26', 'INV1', 'INGS000778', 'u', 0, '-', 11, 'CI00002',  TO_Date( '01/01/2020 12:00:00 AM', 'MM/DD/YYYY HH:MI:SS AM')); 
INSERT INTO INVENTAIREDETAILS ( ID, IDMERE, IDINGREDIENT, IDUSER, QUANTITER, EXPLICATION, ETAT,
IDCATEGORIEINGREDIENT, DATY ) VALUES ( 
'IND27', 'INV1', 'INGS000779', 'u', 0, '-', 11, NULL,  TO_Date( '01/01/2020 12:00:00 AM', 'MM/DD/YYYY HH:MI:SS AM')); 
INSERT INTO INVENTAIREDETAILS ( ID, IDMERE, IDINGREDIENT, IDUSER, QUANTITER, EXPLICATION, ETAT,
IDCATEGORIEINGREDIENT, DATY ) VALUES ( 
'IND28', 'INV1', 'INGS000780', 'u', 0, '-', 11, 'CI00004',  TO_Date( '01/01/2020 12:00:00 AM', 'MM/DD/YYYY HH:MI:SS AM')); 
INSERT INTO INVENTAIREDETAILS ( ID, IDMERE, IDINGREDIENT, IDUSER, QUANTITER, EXPLICATION, ETAT,
IDCATEGORIEINGREDIENT, DATY ) VALUES ( 
'IND29', 'INV1', 'INGS000781', 'u', 0, '-', 11, NULL,  TO_Date( '01/01/2020 12:00:00 AM', 'MM/DD/YYYY HH:MI:SS AM')); 
INSERT INTO INVENTAIREDETAILS ( ID, IDMERE, IDINGREDIENT, IDUSER, QUANTITER, EXPLICATION, ETAT,
IDCATEGORIEINGREDIENT, DATY ) VALUES ( 
'IND30', 'INV1', 'INGS000782', 'u', 0, '-', 11, 'CI00002',  TO_Date( '01/01/2020 12:00:00 AM', 'MM/DD/YYYY HH:MI:SS AM')); 
INSERT INTO INVENTAIREDETAILS ( ID, IDMERE, IDINGREDIENT, IDUSER, QUANTITER, EXPLICATION, ETAT,
IDCATEGORIEINGREDIENT, DATY ) VALUES ( 
'IND31', 'INV1', 'INGS000784', 'u', 0, '-', 11, 'CI00004',  TO_Date( '01/01/2020 12:00:00 AM', 'MM/DD/YYYY HH:MI:SS AM')); 
INSERT INTO INVENTAIREDETAILS ( ID, IDMERE, IDINGREDIENT, IDUSER, QUANTITER, EXPLICATION, ETAT,
IDCATEGORIEINGREDIENT, DATY ) VALUES ( 
'IND32', 'INV1', 'INGS000785', 'u', 0, '-', 11, NULL,  TO_Date( '01/01/2020 12:00:00 AM', 'MM/DD/YYYY HH:MI:SS AM')); 
INSERT INTO INVENTAIREDETAILS ( ID, IDMERE, IDINGREDIENT, IDUSER, QUANTITER, EXPLICATION, ETAT,
IDCATEGORIEINGREDIENT, DATY ) VALUES ( 
'IND33', 'INV1', 'INGS000786', 'u', 0, '-', 11, 'CI00004',  TO_Date( '01/01/2020 12:00:00 AM', 'MM/DD/YYYY HH:MI:SS AM')); 
INSERT INTO INVENTAIREDETAILS ( ID, IDMERE, IDINGREDIENT, IDUSER, QUANTITER, EXPLICATION, ETAT,
IDCATEGORIEINGREDIENT, DATY ) VALUES ( 
'IND34', 'INV1', 'INGS000787', 'u', 0, '-', 11, 'CI00004',  TO_Date( '01/01/2020 12:00:00 AM', 'MM/DD/YYYY HH:MI:SS AM')); 
INSERT INTO INVENTAIREDETAILS ( ID, IDMERE, IDINGREDIENT, IDUSER, QUANTITER, EXPLICATION, ETAT,
IDCATEGORIEINGREDIENT, DATY ) VALUES ( 
'IND35', 'INV1', 'INGS000788', 'u', 0, '-', 11, 'CI00002',  TO_Date( '01/01/2020 12:00:00 AM', 'MM/DD/YYYY HH:MI:SS AM')); 
INSERT INTO INVENTAIREDETAILS ( ID, IDMERE, IDINGREDIENT, IDUSER, QUANTITER, EXPLICATION, ETAT,
IDCATEGORIEINGREDIENT, DATY ) VALUES ( 
'IND36', 'INV1', 'INGS000789', 'u', 0, '-', 11, 'CI00003',  TO_Date( '01/01/2020 12:00:00 AM', 'MM/DD/YYYY HH:MI:SS AM')); 
INSERT INTO INVENTAIREDETAILS ( ID, IDMERE, IDINGREDIENT, IDUSER, QUANTITER, EXPLICATION, ETAT,
IDCATEGORIEINGREDIENT, DATY ) VALUES ( 
'IND37', 'INV1', 'INGS000790', 'u', 0, '-', 11, NULL,  TO_Date( '01/01/2020 12:00:00 AM', 'MM/DD/YYYY HH:MI:SS AM')); 
INSERT INTO INVENTAIREDETAILS ( ID, IDMERE, IDINGREDIENT, IDUSER, QUANTITER, EXPLICATION, ETAT,
IDCATEGORIEINGREDIENT, DATY ) VALUES ( 
'IND38', 'INV1', 'INGS000791', 'u', 0, '-', 11, 'CI00003',  TO_Date( '01/01/2020 12:00:00 AM', 'MM/DD/YYYY HH:MI:SS AM')); 
INSERT INTO INVENTAIREDETAILS ( ID, IDMERE, IDINGREDIENT, IDUSER, QUANTITER, EXPLICATION, ETAT,
IDCATEGORIEINGREDIENT, DATY ) VALUES ( 
'IND39', 'INV1', 'INGS000792', 'u', 0, '-', 11, 'CI00002',  TO_Date( '01/01/2020 12:00:00 AM', 'MM/DD/YYYY HH:MI:SS AM')); 
INSERT INTO INVENTAIREDETAILS ( ID, IDMERE, IDINGREDIENT, IDUSER, QUANTITER, EXPLICATION, ETAT,
IDCATEGORIEINGREDIENT, DATY ) VALUES ( 
'IND40', 'INV1', 'INGS000793', 'u', 0, '-', 11, 'CI00002',  TO_Date( '01/01/2020 12:00:00 AM', 'MM/DD/YYYY HH:MI:SS AM')); 
INSERT INTO INVENTAIREDETAILS ( ID, IDMERE, IDINGREDIENT, IDUSER, QUANTITER, EXPLICATION, ETAT,
IDCATEGORIEINGREDIENT, DATY ) VALUES ( 
'IND41', 'INV1', 'INGS000794', 'u', 0, '-', 11, 'CI00002',  TO_Date( '01/01/2020 12:00:00 AM', 'MM/DD/YYYY HH:MI:SS AM')); 
INSERT INTO INVENTAIREDETAILS ( ID, IDMERE, IDINGREDIENT, IDUSER, QUANTITER, EXPLICATION, ETAT,
IDCATEGORIEINGREDIENT, DATY ) VALUES ( 
'IND42', 'INV1', 'INGS000795', 'u', 0, '-', 11, NULL,  TO_Date( '01/01/2020 12:00:00 AM', 'MM/DD/YYYY HH:MI:SS AM')); 
INSERT INTO INVENTAIREDETAILS ( ID, IDMERE, IDINGREDIENT, IDUSER, QUANTITER, EXPLICATION, ETAT,
IDCATEGORIEINGREDIENT, DATY ) VALUES ( 
'IND43', 'INV1', 'INGS000796', 'u', 0, '-', 11, NULL,  TO_Date( '01/01/2020 12:00:00 AM', 'MM/DD/YYYY HH:MI:SS AM')); 
INSERT INTO INVENTAIREDETAILS ( ID, IDMERE, IDINGREDIENT, IDUSER, QUANTITER, EXPLICATION, ETAT,
IDCATEGORIEINGREDIENT, DATY ) VALUES ( 
'IND44', 'INV1', 'INGS000797', 'u', 0, '-', 11, NULL,  TO_Date( '01/01/2020 12:00:00 AM', 'MM/DD/YYYY HH:MI:SS AM')); 
INSERT INTO INVENTAIREDETAILS ( ID, IDMERE, IDINGREDIENT, IDUSER, QUANTITER, EXPLICATION, ETAT,
IDCATEGORIEINGREDIENT, DATY ) VALUES ( 
'IND45', 'INV1', 'INGS000798', 'u', 0, '-', 11, 'CI00003',  TO_Date( '01/01/2020 12:00:00 AM', 'MM/DD/YYYY HH:MI:SS AM')); 
INSERT INTO INVENTAIREDETAILS ( ID, IDMERE, IDINGREDIENT, IDUSER, QUANTITER, EXPLICATION, ETAT,
IDCATEGORIEINGREDIENT, DATY ) VALUES ( 
'IND46', 'INV1', 'INGS000799', 'u', 0, '-', 11, 'CI00002',  TO_Date( '01/01/2020 12:00:00 AM', 'MM/DD/YYYY HH:MI:SS AM')); 
INSERT INTO INVENTAIREDETAILS ( ID, IDMERE, IDINGREDIENT, IDUSER, QUANTITER, EXPLICATION, ETAT,
IDCATEGORIEINGREDIENT, DATY ) VALUES ( 
'IND47', 'INV1', 'INGS000800', 'u', 0, '-', 11, NULL,  TO_Date( '01/01/2020 12:00:00 AM', 'MM/DD/YYYY HH:MI:SS AM')); 
INSERT INTO INVENTAIREDETAILS ( ID, IDMERE, IDINGREDIENT, IDUSER, QUANTITER, EXPLICATION, ETAT,
IDCATEGORIEINGREDIENT, DATY ) VALUES ( 
'IND48', 'INV1', 'INGS000801', 'u', 0, '-', 11, 'CI00003',  TO_Date( '01/01/2020 12:00:00 AM', 'MM/DD/YYYY HH:MI:SS AM')); 
INSERT INTO INVENTAIREDETAILS ( ID, IDMERE, IDINGREDIENT, IDUSER, QUANTITER, EXPLICATION, ETAT,
IDCATEGORIEINGREDIENT, DATY ) VALUES ( 
'IND49', 'INV1', 'INGS000802', 'u', 0, '-', 11, NULL,  TO_Date( '01/01/2020 12:00:00 AM', 'MM/DD/YYYY HH:MI:SS AM')); 
INSERT INTO INVENTAIREDETAILS ( ID, IDMERE, IDINGREDIENT, IDUSER, QUANTITER, EXPLICATION, ETAT,
IDCATEGORIEINGREDIENT, DATY ) VALUES ( 
'IND50', 'INV1', 'INGS000803', 'u', 0, '-', 11, 'CI00002',  TO_Date( '01/01/2020 12:00:00 AM', 'MM/DD/YYYY HH:MI:SS AM')); 
INSERT INTO INVENTAIREDETAILS ( ID, IDMERE, IDINGREDIENT, IDUSER, QUANTITER, EXPLICATION, ETAT,
IDCATEGORIEINGREDIENT, DATY ) VALUES ( 
'IND51', 'INV1', 'INGS000804', 'u', 0, '-', 11, NULL,  TO_Date( '01/01/2020 12:00:00 AM', 'MM/DD/YYYY HH:MI:SS AM')); 
INSERT INTO INVENTAIREDETAILS ( ID, IDMERE, IDINGREDIENT, IDUSER, QUANTITER, EXPLICATION, ETAT,
IDCATEGORIEINGREDIENT, DATY ) VALUES ( 
'IND52', 'INV1', 'INGS000805', 'u', 0, '-', 11, 'CI00007',  TO_Date( '01/01/2020 12:00:00 AM', 'MM/DD/YYYY HH:MI:SS AM')); 
INSERT INTO INVENTAIREDETAILS ( ID, IDMERE, IDINGREDIENT, IDUSER, QUANTITER, EXPLICATION, ETAT,
IDCATEGORIEINGREDIENT, DATY ) VALUES ( 
'IND53', 'INV1', 'INGS000806', 'u', 0, '-', 11, 'CI00004',  TO_Date( '01/01/2020 12:00:00 AM', 'MM/DD/YYYY HH:MI:SS AM')); 
INSERT INTO INVENTAIREDETAILS ( ID, IDMERE, IDINGREDIENT, IDUSER, QUANTITER, EXPLICATION, ETAT,
IDCATEGORIEINGREDIENT, DATY ) VALUES ( 
'IND54', 'INV1', 'INGS000807', 'u', 0, '-', 11, 'CI00002',  TO_Date( '01/01/2020 12:00:00 AM', 'MM/DD/YYYY HH:MI:SS AM')); 
INSERT INTO INVENTAIREDETAILS ( ID, IDMERE, IDINGREDIENT, IDUSER, QUANTITER, EXPLICATION, ETAT,
IDCATEGORIEINGREDIENT, DATY ) VALUES ( 
'IND55', 'INV1', 'INGS000808', 'u', 0, '-', 11, 'CI00002',  TO_Date( '01/01/2020 12:00:00 AM', 'MM/DD/YYYY HH:MI:SS AM')); 
INSERT INTO INVENTAIREDETAILS ( ID, IDMERE, IDINGREDIENT, IDUSER, QUANTITER, EXPLICATION, ETAT,
IDCATEGORIEINGREDIENT, DATY ) VALUES ( 
'IND56', 'INV1', 'INGS000809', 'u', 0, '-', 11, NULL,  TO_Date( '01/01/2020 12:00:00 AM', 'MM/DD/YYYY HH:MI:SS AM')); 
INSERT INTO INVENTAIREDETAILS ( ID, IDMERE, IDINGREDIENT, IDUSER, QUANTITER, EXPLICATION, ETAT,
IDCATEGORIEINGREDIENT, DATY ) VALUES ( 
'IND57', 'INV1', 'INGS000810', 'u', 0, '-', 11, NULL,  TO_Date( '01/01/2020 12:00:00 AM', 'MM/DD/YYYY HH:MI:SS AM')); 
INSERT INTO INVENTAIREDETAILS ( ID, IDMERE, IDINGREDIENT, IDUSER, QUANTITER, EXPLICATION, ETAT,
IDCATEGORIEINGREDIENT, DATY ) VALUES ( 
'IND58', 'INV1', 'INGS000811', 'u', 0, '-', 11, 'CI00002',  TO_Date( '01/01/2020 12:00:00 AM', 'MM/DD/YYYY HH:MI:SS AM')); 
INSERT INTO INVENTAIREDETAILS ( ID, IDMERE, IDINGREDIENT, IDUSER, QUANTITER, EXPLICATION, ETAT,
IDCATEGORIEINGREDIENT, DATY ) VALUES ( 
'IND59', 'INV1', 'INGS000812', 'u', 0, '-', 11, 'CI00004',  TO_Date( '01/01/2020 12:00:00 AM', 'MM/DD/YYYY HH:MI:SS AM')); 
INSERT INTO INVENTAIREDETAILS ( ID, IDMERE, IDINGREDIENT, IDUSER, QUANTITER, EXPLICATION, ETAT,
IDCATEGORIEINGREDIENT, DATY ) VALUES ( 
'IND60', 'INV1', 'INGS000814', 'u', 0, '-', 11, 'CI00004',  TO_Date( '01/01/2020 12:00:00 AM', 'MM/DD/YYYY HH:MI:SS AM')); 
INSERT INTO INVENTAIREDETAILS ( ID, IDMERE, IDINGREDIENT, IDUSER, QUANTITER, EXPLICATION, ETAT,
IDCATEGORIEINGREDIENT, DATY ) VALUES ( 
'IND61', 'INV1', 'INGS000815', 'u', 0, '-', 11, 'CI00001',  TO_Date( '01/01/2020 12:00:00 AM', 'MM/DD/YYYY HH:MI:SS AM')); 
INSERT INTO INVENTAIREDETAILS ( ID, IDMERE, IDINGREDIENT, IDUSER, QUANTITER, EXPLICATION, ETAT,
IDCATEGORIEINGREDIENT, DATY ) VALUES ( 
'IND62', 'INV1', 'INGS000816', 'u', 0, '-', 11, NULL,  TO_Date( '01/01/2020 12:00:00 AM', 'MM/DD/YYYY HH:MI:SS AM')); 
INSERT INTO INVENTAIREDETAILS ( ID, IDMERE, IDINGREDIENT, IDUSER, QUANTITER, EXPLICATION, ETAT,
IDCATEGORIEINGREDIENT, DATY ) VALUES ( 
'IND63', 'INV1', 'INGS000817', 'u', 0, '-', 11, NULL,  TO_Date( '01/01/2020 12:00:00 AM', 'MM/DD/YYYY HH:MI:SS AM')); 
INSERT INTO INVENTAIREDETAILS ( ID, IDMERE, IDINGREDIENT, IDUSER, QUANTITER, EXPLICATION, ETAT,
IDCATEGORIEINGREDIENT, DATY ) VALUES ( 
'IND64', 'INV1', 'INGS000818', 'u', 0, '-', 11, NULL,  TO_Date( '01/01/2020 12:00:00 AM', 'MM/DD/YYYY HH:MI:SS AM')); 
INSERT INTO INVENTAIREDETAILS ( ID, IDMERE, IDINGREDIENT, IDUSER, QUANTITER, EXPLICATION, ETAT,
IDCATEGORIEINGREDIENT, DATY ) VALUES ( 
'IND65', 'INV1', 'INGS000819', 'u', 0, '-', 11, 'CI00002',  TO_Date( '01/01/2020 12:00:00 AM', 'MM/DD/YYYY HH:MI:SS AM')); 
INSERT INTO INVENTAIREDETAILS ( ID, IDMERE, IDINGREDIENT, IDUSER, QUANTITER, EXPLICATION, ETAT,
IDCATEGORIEINGREDIENT, DATY ) VALUES ( 
'IND66', 'INV1', 'INGS000820', 'u', 0, '-', 11, 'CI00002',  TO_Date( '01/01/2020 12:00:00 AM', 'MM/DD/YYYY HH:MI:SS AM')); 
INSERT INTO INVENTAIREDETAILS ( ID, IDMERE, IDINGREDIENT, IDUSER, QUANTITER, EXPLICATION, ETAT,
IDCATEGORIEINGREDIENT, DATY ) VALUES ( 
'IND67', 'INV1', 'INGS000821', 'u', 0, '-', 11, 'CI00002',  TO_Date( '01/01/2020 12:00:00 AM', 'MM/DD/YYYY HH:MI:SS AM')); 
INSERT INTO INVENTAIREDETAILS ( ID, IDMERE, IDINGREDIENT, IDUSER, QUANTITER, EXPLICATION, ETAT,
IDCATEGORIEINGREDIENT, DATY ) VALUES ( 
'IND68', 'INV1', 'INGS000822', 'u', 0, '-', 11, NULL,  TO_Date( '01/01/2020 12:00:00 AM', 'MM/DD/YYYY HH:MI:SS AM')); 
INSERT INTO INVENTAIREDETAILS ( ID, IDMERE, IDINGREDIENT, IDUSER, QUANTITER, EXPLICATION, ETAT,
IDCATEGORIEINGREDIENT, DATY ) VALUES ( 
'IND69', 'INV1', 'INGS000823', 'u', 0, '-', 11, 'CI00002',  TO_Date( '01/01/2020 12:00:00 AM', 'MM/DD/YYYY HH:MI:SS AM')); 
INSERT INTO INVENTAIREDETAILS ( ID, IDMERE, IDINGREDIENT, IDUSER, QUANTITER, EXPLICATION, ETAT,
IDCATEGORIEINGREDIENT, DATY ) VALUES ( 
'IND70', 'INV1', 'INGS000824', 'u', 0, '-', 11, 'CI00002',  TO_Date( '01/01/2020 12:00:00 AM', 'MM/DD/YYYY HH:MI:SS AM')); 
INSERT INTO INVENTAIREDETAILS ( ID, IDMERE, IDINGREDIENT, IDUSER, QUANTITER, EXPLICATION, ETAT,
IDCATEGORIEINGREDIENT, DATY ) VALUES ( 
'IND71', 'INV1', 'INGS000825', 'u', 0, '-', 11, NULL,  TO_Date( '01/01/2020 12:00:00 AM', 'MM/DD/YYYY HH:MI:SS AM')); 
INSERT INTO INVENTAIREDETAILS ( ID, IDMERE, IDINGREDIENT, IDUSER, QUANTITER, EXPLICATION, ETAT,
IDCATEGORIEINGREDIENT, DATY ) VALUES ( 
'IND72', 'INV1', 'INGS000826', 'u', 0, '-', 11, 'CI00003',  TO_Date( '01/01/2020 12:00:00 AM', 'MM/DD/YYYY HH:MI:SS AM')); 
INSERT INTO INVENTAIREDETAILS ( ID, IDMERE, IDINGREDIENT, IDUSER, QUANTITER, EXPLICATION, ETAT,
IDCATEGORIEINGREDIENT, DATY ) VALUES ( 
'IND73', 'INV1', 'INGS000827', 'u', 0, '-', 11, NULL,  TO_Date( '01/01/2020 12:00:00 AM', 'MM/DD/YYYY HH:MI:SS AM')); 
INSERT INTO INVENTAIREDETAILS ( ID, IDMERE, IDINGREDIENT, IDUSER, QUANTITER, EXPLICATION, ETAT,
IDCATEGORIEINGREDIENT, DATY ) VALUES ( 
'IND74', 'INV1', 'INGS000617', 'u', 0, '-', 11, 'CI00004',  TO_Date( '01/01/2020 12:00:00 AM', 'MM/DD/YYYY HH:MI:SS AM')); 
INSERT INTO INVENTAIREDETAILS ( ID, IDMERE, IDINGREDIENT, IDUSER, QUANTITER, EXPLICATION, ETAT,
IDCATEGORIEINGREDIENT, DATY ) VALUES ( 
'IND75', 'INV1', 'INGS000618', 'u', 0, '-', 11, 'CI00003',  TO_Date( '01/01/2020 12:00:00 AM', 'MM/DD/YYYY HH:MI:SS AM')); 
INSERT INTO INVENTAIREDETAILS ( ID, IDMERE, IDINGREDIENT, IDUSER, QUANTITER, EXPLICATION, ETAT,
IDCATEGORIEINGREDIENT, DATY ) VALUES ( 
'IND76', 'INV1', 'INGS000621', 'u', 0, '-', 11, 'CI00003',  TO_Date( '01/01/2020 12:00:00 AM', 'MM/DD/YYYY HH:MI:SS AM')); 
INSERT INTO INVENTAIREDETAILS ( ID, IDMERE, IDINGREDIENT, IDUSER, QUANTITER, EXPLICATION, ETAT,
IDCATEGORIEINGREDIENT, DATY ) VALUES ( 
'IND77', 'INV1', 'INGS000622', 'u', 0, '-', 11, 'CI00003',  TO_Date( '01/01/2020 12:00:00 AM', 'MM/DD/YYYY HH:MI:SS AM')); 
INSERT INTO INVENTAIREDETAILS ( ID, IDMERE, IDINGREDIENT, IDUSER, QUANTITER, EXPLICATION, ETAT,
IDCATEGORIEINGREDIENT, DATY ) VALUES ( 
'IND78', 'INV1', 'INGS000624', 'u', 0, '-', 11, 'CI00003',  TO_Date( '01/01/2020 12:00:00 AM', 'MM/DD/YYYY HH:MI:SS AM')); 
INSERT INTO INVENTAIREDETAILS ( ID, IDMERE, IDINGREDIENT, IDUSER, QUANTITER, EXPLICATION, ETAT,
IDCATEGORIEINGREDIENT, DATY ) VALUES ( 
'IND79', 'INV1', 'INGS000625', 'u', 0, '-', 11, 'CI00002',  TO_Date( '01/01/2020 12:00:00 AM', 'MM/DD/YYYY HH:MI:SS AM')); 
INSERT INTO INVENTAIREDETAILS ( ID, IDMERE, IDINGREDIENT, IDUSER, QUANTITER, EXPLICATION, ETAT,
IDCATEGORIEINGREDIENT, DATY ) VALUES ( 
'IND80', 'INV1', 'INGS000628', 'u', 0, '-', 11, 'CI00003',  TO_Date( '01/01/2020 12:00:00 AM', 'MM/DD/YYYY HH:MI:SS AM')); 
INSERT INTO INVENTAIREDETAILS ( ID, IDMERE, IDINGREDIENT, IDUSER, QUANTITER, EXPLICATION, ETAT,
IDCATEGORIEINGREDIENT, DATY ) VALUES ( 
'IND81', 'INV1', 'INGS000629', 'u', 0, '-', 11, 'CI00003',  TO_Date( '01/01/2020 12:00:00 AM', 'MM/DD/YYYY HH:MI:SS AM')); 
INSERT INTO INVENTAIREDETAILS ( ID, IDMERE, IDINGREDIENT, IDUSER, QUANTITER, EXPLICATION, ETAT,
IDCATEGORIEINGREDIENT, DATY ) VALUES ( 
'IND82', 'INV1', 'INGS000630', 'u', 0, '-', 11, 'CI00003',  TO_Date( '01/01/2020 12:00:00 AM', 'MM/DD/YYYY HH:MI:SS AM')); 
INSERT INTO INVENTAIREDETAILS ( ID, IDMERE, IDINGREDIENT, IDUSER, QUANTITER, EXPLICATION, ETAT,
IDCATEGORIEINGREDIENT, DATY ) VALUES ( 
'IND83', 'INV1', 'INGS000633', 'u', 0, '-', 11, 'CI00003',  TO_Date( '01/01/2020 12:00:00 AM', 'MM/DD/YYYY HH:MI:SS AM')); 
INSERT INTO INVENTAIREDETAILS ( ID, IDMERE, IDINGREDIENT, IDUSER, QUANTITER, EXPLICATION, ETAT,
IDCATEGORIEINGREDIENT, DATY ) VALUES ( 
'IND84', 'INV1', 'INGS000634', 'u', 0, '-', 11, 'CI00003',  TO_Date( '01/01/2020 12:00:00 AM', 'MM/DD/YYYY HH:MI:SS AM')); 
INSERT INTO INVENTAIREDETAILS ( ID, IDMERE, IDINGREDIENT, IDUSER, QUANTITER, EXPLICATION, ETAT,
IDCATEGORIEINGREDIENT, DATY ) VALUES ( 
'IND85', 'INV1', 'INGS000635', 'u', 0, '-', 11, 'CI00003',  TO_Date( '01/01/2020 12:00:00 AM', 'MM/DD/YYYY HH:MI:SS AM')); 
INSERT INTO INVENTAIREDETAILS ( ID, IDMERE, IDINGREDIENT, IDUSER, QUANTITER, EXPLICATION, ETAT,
IDCATEGORIEINGREDIENT, DATY ) VALUES ( 
'IND86', 'INV1', 'INGS000639', 'u', 0, '-', 11, 'CI00003',  TO_Date( '01/01/2020 12:00:00 AM', 'MM/DD/YYYY HH:MI:SS AM')); 
INSERT INTO INVENTAIREDETAILS ( ID, IDMERE, IDINGREDIENT, IDUSER, QUANTITER, EXPLICATION, ETAT,
IDCATEGORIEINGREDIENT, DATY ) VALUES ( 
'IND87', 'INV1', 'INGS000640', 'u', 0, '-', 11, 'CI00002',  TO_Date( '01/01/2020 12:00:00 AM', 'MM/DD/YYYY HH:MI:SS AM')); 
INSERT INTO INVENTAIREDETAILS ( ID, IDMERE, IDINGREDIENT, IDUSER, QUANTITER, EXPLICATION, ETAT,
IDCATEGORIEINGREDIENT, DATY ) VALUES ( 
'IND88', 'INV1', 'INGS000641', 'u', 0, '-', 11, 'CI00003',  TO_Date( '01/01/2020 12:00:00 AM', 'MM/DD/YYYY HH:MI:SS AM')); 
INSERT INTO INVENTAIREDETAILS ( ID, IDMERE, IDINGREDIENT, IDUSER, QUANTITER, EXPLICATION, ETAT,
IDCATEGORIEINGREDIENT, DATY ) VALUES ( 
'IND89', 'INV1', 'INGS000642', 'u', 0, '-', 11, 'CI00003',  TO_Date( '01/01/2020 12:00:00 AM', 'MM/DD/YYYY HH:MI:SS AM')); 
INSERT INTO INVENTAIREDETAILS ( ID, IDMERE, IDINGREDIENT, IDUSER, QUANTITER, EXPLICATION, ETAT,
IDCATEGORIEINGREDIENT, DATY ) VALUES ( 
'IND90', 'INV1', 'INGS000643', 'u', 0, '-', 11, 'CI00004',  TO_Date( '01/01/2020 12:00:00 AM', 'MM/DD/YYYY HH:MI:SS AM')); 
INSERT INTO INVENTAIREDETAILS ( ID, IDMERE, IDINGREDIENT, IDUSER, QUANTITER, EXPLICATION, ETAT,
IDCATEGORIEINGREDIENT, DATY ) VALUES ( 
'IND91', 'INV1', 'INGS000645', 'u', 0, '-', 11, 'CI00002',  TO_Date( '01/01/2020 12:00:00 AM', 'MM/DD/YYYY HH:MI:SS AM')); 
INSERT INTO INVENTAIREDETAILS ( ID, IDMERE, IDINGREDIENT, IDUSER, QUANTITER, EXPLICATION, ETAT,
IDCATEGORIEINGREDIENT, DATY ) VALUES ( 
'IND92', 'INV1', 'INGS000647', 'u', 0, '-', 11, 'CI00002',  TO_Date( '01/01/2020 12:00:00 AM', 'MM/DD/YYYY HH:MI:SS AM')); 
INSERT INTO INVENTAIREDETAILS ( ID, IDMERE, IDINGREDIENT, IDUSER, QUANTITER, EXPLICATION, ETAT,
IDCATEGORIEINGREDIENT, DATY ) VALUES ( 
'IND93', 'INV1', 'INGS000656', 'u', 0, '-', 11, 'CI00003',  TO_Date( '01/01/2020 12:00:00 AM', 'MM/DD/YYYY HH:MI:SS AM')); 
INSERT INTO INVENTAIREDETAILS ( ID, IDMERE, IDINGREDIENT, IDUSER, QUANTITER, EXPLICATION, ETAT,
IDCATEGORIEINGREDIENT, DATY ) VALUES ( 
'IND94', 'INV1', 'INGS000657', 'u', 0, '-', 11, 'CI00003',  TO_Date( '01/01/2020 12:00:00 AM', 'MM/DD/YYYY HH:MI:SS AM')); 
INSERT INTO INVENTAIREDETAILS ( ID, IDMERE, IDINGREDIENT, IDUSER, QUANTITER, EXPLICATION, ETAT,
IDCATEGORIEINGREDIENT, DATY ) VALUES ( 
'IND95', 'INV1', 'INGS000658', 'u', 0, '-', 11, 'CI00005',  TO_Date( '01/01/2020 12:00:00 AM', 'MM/DD/YYYY HH:MI:SS AM')); 
INSERT INTO INVENTAIREDETAILS ( ID, IDMERE, IDINGREDIENT, IDUSER, QUANTITER, EXPLICATION, ETAT,
IDCATEGORIEINGREDIENT, DATY ) VALUES ( 
'IND96', 'INV1', 'INGS000659', 'u', 0, '-', 11, 'CI00007',  TO_Date( '01/01/2020 12:00:00 AM', 'MM/DD/YYYY HH:MI:SS AM')); 
INSERT INTO INVENTAIREDETAILS ( ID, IDMERE, IDINGREDIENT, IDUSER, QUANTITER, EXPLICATION, ETAT,
IDCATEGORIEINGREDIENT, DATY ) VALUES ( 
'IND97', 'INV1', 'INGS000661', 'u', 0, '-', 11, 'CI00004',  TO_Date( '01/01/2020 12:00:00 AM', 'MM/DD/YYYY HH:MI:SS AM')); 
INSERT INTO INVENTAIREDETAILS ( ID, IDMERE, IDINGREDIENT, IDUSER, QUANTITER, EXPLICATION, ETAT,
IDCATEGORIEINGREDIENT, DATY ) VALUES ( 
'IND98', 'INV1', 'INGS000662', 'u', 0, '-', 11, 'CI00003',  TO_Date( '01/01/2020 12:00:00 AM', 'MM/DD/YYYY HH:MI:SS AM')); 
INSERT INTO INVENTAIREDETAILS ( ID, IDMERE, IDINGREDIENT, IDUSER, QUANTITER, EXPLICATION, ETAT,
IDCATEGORIEINGREDIENT, DATY ) VALUES ( 
'IND99', 'INV1', 'INGS000666', 'u', 0, '-', 11, 'CI00003',  TO_Date( '01/01/2020 12:00:00 AM', 'MM/DD/YYYY HH:MI:SS AM')); 
INSERT INTO INVENTAIREDETAILS ( ID, IDMERE, IDINGREDIENT, IDUSER, QUANTITER, EXPLICATION, ETAT,
IDCATEGORIEINGREDIENT, DATY ) VALUES ( 
'IND100', 'INV1', 'INGS000669', 'u', 0, '-', 11, 'CI00003',  TO_Date( '01/01/2020 12:00:00 AM', 'MM/DD/YYYY HH:MI:SS AM')); 
INSERT INTO INVENTAIREDETAILS ( ID, IDMERE, IDINGREDIENT, IDUSER, QUANTITER, EXPLICATION, ETAT,
IDCATEGORIEINGREDIENT, DATY ) VALUES ( 
'IND101', 'INV1', 'INGS000673', 'u', 0, '-', 11, 'CI00002',  TO_Date( '01/01/2020 12:00:00 AM', 'MM/DD/YYYY HH:MI:SS AM')); 
INSERT INTO INVENTAIREDETAILS ( ID, IDMERE, IDINGREDIENT, IDUSER, QUANTITER, EXPLICATION, ETAT,
IDCATEGORIEINGREDIENT, DATY ) VALUES ( 
'IND102', 'INV1', 'INGS000674', 'u', 0, '-', 11, 'CI00003',  TO_Date( '01/01/2020 12:00:00 AM', 'MM/DD/YYYY HH:MI:SS AM')); 
INSERT INTO INVENTAIREDETAILS ( ID, IDMERE, IDINGREDIENT, IDUSER, QUANTITER, EXPLICATION, ETAT,
IDCATEGORIEINGREDIENT, DATY ) VALUES ( 
'IND103', 'INV1', 'INGS000676', 'u', 0, '-', 11, 'CI00003',  TO_Date( '01/01/2020 12:00:00 AM', 'MM/DD/YYYY HH:MI:SS AM')); 
INSERT INTO INVENTAIREDETAILS ( ID, IDMERE, IDINGREDIENT, IDUSER, QUANTITER, EXPLICATION, ETAT,
IDCATEGORIEINGREDIENT, DATY ) VALUES ( 
'IND104', 'INV1', 'INGS000677', 'u', 0, '-', 11, 'CI00003',  TO_Date( '01/01/2020 12:00:00 AM', 'MM/DD/YYYY HH:MI:SS AM')); 
INSERT INTO INVENTAIREDETAILS ( ID, IDMERE, IDINGREDIENT, IDUSER, QUANTITER, EXPLICATION, ETAT,
IDCATEGORIEINGREDIENT, DATY ) VALUES ( 
'IND105', 'INV1', 'INGS000678', 'u', 0, '-', 11, 'CI00002',  TO_Date( '01/01/2020 12:00:00 AM', 'MM/DD/YYYY HH:MI:SS AM')); 
INSERT INTO INVENTAIREDETAILS ( ID, IDMERE, IDINGREDIENT, IDUSER, QUANTITER, EXPLICATION, ETAT,
IDCATEGORIEINGREDIENT, DATY ) VALUES ( 
'IND106', 'INV1', 'INGS000680', 'u', 0, '-', 11, 'CI00004',  TO_Date( '01/01/2020 12:00:00 AM', 'MM/DD/YYYY HH:MI:SS AM')); 
INSERT INTO INVENTAIREDETAILS ( ID, IDMERE, IDINGREDIENT, IDUSER, QUANTITER, EXPLICATION, ETAT,
IDCATEGORIEINGREDIENT, DATY ) VALUES ( 
'IND107', 'INV1', 'INGS000681', 'u', 0, '-', 11, 'CI00004',  TO_Date( '01/01/2020 12:00:00 AM', 'MM/DD/YYYY HH:MI:SS AM')); 
INSERT INTO INVENTAIREDETAILS ( ID, IDMERE, IDINGREDIENT, IDUSER, QUANTITER, EXPLICATION, ETAT,
IDCATEGORIEINGREDIENT, DATY ) VALUES ( 
'IND108', 'INV1', 'INGS000682', 'u', 0, '-', 11, 'CI00003',  TO_Date( '01/01/2020 12:00:00 AM', 'MM/DD/YYYY HH:MI:SS AM')); 
INSERT INTO INVENTAIREDETAILS ( ID, IDMERE, IDINGREDIENT, IDUSER, QUANTITER, EXPLICATION, ETAT,
IDCATEGORIEINGREDIENT, DATY ) VALUES ( 
'IND109', 'INV1', 'INGS000683', 'u', 0, '-', 11, 'CI00005',  TO_Date( '01/01/2020 12:00:00 AM', 'MM/DD/YYYY HH:MI:SS AM')); 
INSERT INTO INVENTAIREDETAILS ( ID, IDMERE, IDINGREDIENT, IDUSER, QUANTITER, EXPLICATION, ETAT,
IDCATEGORIEINGREDIENT, DATY ) VALUES ( 
'IND110', 'INV1', 'INGBOI0031', 'u', 0, '-', 11, 'CI00001',  TO_Date( '01/01/2020 12:00:00 AM', 'MM/DD/YYYY HH:MI:SS AM')); 
INSERT INTO INVENTAIREDETAILS ( ID, IDMERE, IDINGREDIENT, IDUSER, QUANTITER, EXPLICATION, ETAT,
IDCATEGORIEINGREDIENT, DATY ) VALUES ( 
'IND111', 'INV1', 'INGBOI0032', 'u', 0, '-', 11, 'CI00001',  TO_Date( '01/01/2020 12:00:00 AM', 'MM/DD/YYYY HH:MI:SS AM')); 
INSERT INTO INVENTAIREDETAILS ( ID, IDMERE, IDINGREDIENT, IDUSER, QUANTITER, EXPLICATION, ETAT,
IDCATEGORIEINGREDIENT, DATY ) VALUES ( 
'IND112', 'INV1', 'INGBOI0033', 'u', 0, '-', 11, 'CI00001',  TO_Date( '01/01/2020 12:00:00 AM', 'MM/DD/YYYY HH:MI:SS AM')); 
INSERT INTO INVENTAIREDETAILS ( ID, IDMERE, IDINGREDIENT, IDUSER, QUANTITER, EXPLICATION, ETAT,
IDCATEGORIEINGREDIENT, DATY ) VALUES ( 
'IND113', 'INV1', 'INGBOI0034', 'u', 0, '-', 11, 'CI00001',  TO_Date( '01/01/2020 12:00:00 AM', 'MM/DD/YYYY HH:MI:SS AM')); 
INSERT INTO INVENTAIREDETAILS ( ID, IDMERE, IDINGREDIENT, IDUSER, QUANTITER, EXPLICATION, ETAT,
IDCATEGORIEINGREDIENT, DATY ) VALUES ( 
'IND114', 'INV1', 'INGBOI0035', 'u', 0, '-', 11, 'CI00001',  TO_Date( '01/01/2020 12:00:00 AM', 'MM/DD/YYYY HH:MI:SS AM')); 
INSERT INTO INVENTAIREDETAILS ( ID, IDMERE, IDINGREDIENT, IDUSER, QUANTITER, EXPLICATION, ETAT,
IDCATEGORIEINGREDIENT, DATY ) VALUES ( 
'IND115', 'INV1', 'INGBOI0036', 'u', 0, '-', 11, 'CI00001',  TO_Date( '01/01/2020 12:00:00 AM', 'MM/DD/YYYY HH:MI:SS AM')); 
INSERT INTO INVENTAIREDETAILS ( ID, IDMERE, IDINGREDIENT, IDUSER, QUANTITER, EXPLICATION, ETAT,
IDCATEGORIEINGREDIENT, DATY ) VALUES ( 
'IND116', 'INV1', 'INGBOI0037', 'u', 0, '-', 11, 'CI00001',  TO_Date( '01/01/2020 12:00:00 AM', 'MM/DD/YYYY HH:MI:SS AM')); 
INSERT INTO INVENTAIREDETAILS ( ID, IDMERE, IDINGREDIENT, IDUSER, QUANTITER, EXPLICATION, ETAT,
IDCATEGORIEINGREDIENT, DATY ) VALUES ( 
'IND117', 'INV1', 'INGBOI0047', 'u', 0, '-', 11, 'CI00001',  TO_Date( '01/01/2020 12:00:00 AM', 'MM/DD/YYYY HH:MI:SS AM')); 
INSERT INTO INVENTAIREDETAILS ( ID, IDMERE, IDINGREDIENT, IDUSER, QUANTITER, EXPLICATION, ETAT,
IDCATEGORIEINGREDIENT, DATY ) VALUES ( 
'IND118', 'INV1', 'INGBOI0048', 'u', 0, '-', 11, 'CI00001',  TO_Date( '01/01/2020 12:00:00 AM', 'MM/DD/YYYY HH:MI:SS AM')); 
INSERT INTO INVENTAIREDETAILS ( ID, IDMERE, IDINGREDIENT, IDUSER, QUANTITER, EXPLICATION, ETAT,
IDCATEGORIEINGREDIENT, DATY ) VALUES ( 
'IND119', 'INV1', 'INGBOI0049', 'u', 0, '-', 11, 'CI00001',  TO_Date( '01/01/2020 12:00:00 AM', 'MM/DD/YYYY HH:MI:SS AM')); 
INSERT INTO INVENTAIREDETAILS ( ID, IDMERE, IDINGREDIENT, IDUSER, QUANTITER, EXPLICATION, ETAT,
IDCATEGORIEINGREDIENT, DATY ) VALUES ( 
'IND120', 'INV1', 'INGBOI0050', 'u', 0, '-', 11, 'CI00001',  TO_Date( '01/01/2020 12:00:00 AM', 'MM/DD/YYYY HH:MI:SS AM')); 
INSERT INTO INVENTAIREDETAILS ( ID, IDMERE, IDINGREDIENT, IDUSER, QUANTITER, EXPLICATION, ETAT,
IDCATEGORIEINGREDIENT, DATY ) VALUES ( 
'IND121', 'INV1', 'INGBOI0051', 'u', 0, '-', 11, 'CI00001',  TO_Date( '01/01/2020 12:00:00 AM', 'MM/DD/YYYY HH:MI:SS AM')); 
INSERT INTO INVENTAIREDETAILS ( ID, IDMERE, IDINGREDIENT, IDUSER, QUANTITER, EXPLICATION, ETAT,
IDCATEGORIEINGREDIENT, DATY ) VALUES ( 
'IND122', 'INV1', 'INGBOI0052', 'u', 0, '-', 11, 'CI00001',  TO_Date( '01/01/2020 12:00:00 AM', 'MM/DD/YYYY HH:MI:SS AM')); 
INSERT INTO INVENTAIREDETAILS ( ID, IDMERE, IDINGREDIENT, IDUSER, QUANTITER, EXPLICATION, ETAT,
IDCATEGORIEINGREDIENT, DATY ) VALUES ( 
'IND123', 'INV1', 'INGBOI0039', 'u', 0, '-', 11, 'CI00001',  TO_Date( '01/01/2020 12:00:00 AM', 'MM/DD/YYYY HH:MI:SS AM')); 
INSERT INTO INVENTAIREDETAILS ( ID, IDMERE, IDINGREDIENT, IDUSER, QUANTITER, EXPLICATION, ETAT,
IDCATEGORIEINGREDIENT, DATY ) VALUES ( 
'IND124', 'INV1', 'INGBOI0040', 'u', 0, '-', 11, 'CI00001',  TO_Date( '01/01/2020 12:00:00 AM', 'MM/DD/YYYY HH:MI:SS AM')); 
INSERT INTO INVENTAIREDETAILS ( ID, IDMERE, IDINGREDIENT, IDUSER, QUANTITER, EXPLICATION, ETAT,
IDCATEGORIEINGREDIENT, DATY ) VALUES ( 
'IND125', 'INV1', 'INGBOI0041', 'u', 0, '-', 11, 'CI00001',  TO_Date( '01/01/2020 12:00:00 AM', 'MM/DD/YYYY HH:MI:SS AM')); 
INSERT INTO INVENTAIREDETAILS ( ID, IDMERE, IDINGREDIENT, IDUSER, QUANTITER, EXPLICATION, ETAT,
IDCATEGORIEINGREDIENT, DATY ) VALUES ( 
'IND126', 'INV1', 'INGBOI0053', 'u', 0, '-', 11, 'CI00001',  TO_Date( '01/01/2020 12:00:00 AM', 'MM/DD/YYYY HH:MI:SS AM')); 
INSERT INTO INVENTAIREDETAILS ( ID, IDMERE, IDINGREDIENT, IDUSER, QUANTITER, EXPLICATION, ETAT,
IDCATEGORIEINGREDIENT, DATY ) VALUES ( 
'IND127', 'INV1', 'INGBOI0007', 'u', 0, '-', 11, 'CI00001',  TO_Date( '01/01/2020 12:00:00 AM', 'MM/DD/YYYY HH:MI:SS AM')); 
INSERT INTO INVENTAIREDETAILS ( ID, IDMERE, IDINGREDIENT, IDUSER, QUANTITER, EXPLICATION, ETAT,
IDCATEGORIEINGREDIENT, DATY ) VALUES ( 
'IND128', 'INV1', 'INGBOI0008', 'u', 0, '-', 11, 'CI00001',  TO_Date( '01/01/2020 12:00:00 AM', 'MM/DD/YYYY HH:MI:SS AM')); 
INSERT INTO INVENTAIREDETAILS ( ID, IDMERE, IDINGREDIENT, IDUSER, QUANTITER, EXPLICATION, ETAT,
IDCATEGORIEINGREDIENT, DATY ) VALUES ( 
'IND129', 'INV1', 'INGBOI0011', 'u', 0, '-', 11, 'CI00001',  TO_Date( '01/01/2020 12:00:00 AM', 'MM/DD/YYYY HH:MI:SS AM')); 
INSERT INTO INVENTAIREDETAILS ( ID, IDMERE, IDINGREDIENT, IDUSER, QUANTITER, EXPLICATION, ETAT,
IDCATEGORIEINGREDIENT, DATY ) VALUES ( 
'IND130', 'INV1', 'INGBOI0013', 'u', 0, '-', 11, 'CI00001',  TO_Date( '01/01/2020 12:00:00 AM', 'MM/DD/YYYY HH:MI:SS AM')); 
INSERT INTO INVENTAIREDETAILS ( ID, IDMERE, IDINGREDIENT, IDUSER, QUANTITER, EXPLICATION, ETAT,
IDCATEGORIEINGREDIENT, DATY ) VALUES ( 
'IND131', 'INV1', 'INGBOI0010', 'u', 0, '-', 11, 'CI00001',  TO_Date( '01/01/2020 12:00:00 AM', 'MM/DD/YYYY HH:MI:SS AM')); 
INSERT INTO INVENTAIREDETAILS ( ID, IDMERE, IDINGREDIENT, IDUSER, QUANTITER, EXPLICATION, ETAT,
IDCATEGORIEINGREDIENT, DATY ) VALUES ( 
'IND132', 'INV1', 'INGBOI0017', 'u', 0, '-', 11, 'CI00001',  TO_Date( '01/01/2020 12:00:00 AM', 'MM/DD/YYYY HH:MI:SS AM')); 
INSERT INTO INVENTAIREDETAILS ( ID, IDMERE, IDINGREDIENT, IDUSER, QUANTITER, EXPLICATION, ETAT,
IDCATEGORIEINGREDIENT, DATY ) VALUES ( 
'IND133', 'INV1', 'INGBOI0018', 'u', 0, '-', 11, 'CI00001',  TO_Date( '01/01/2020 12:00:00 AM', 'MM/DD/YYYY HH:MI:SS AM')); 
INSERT INTO INVENTAIREDETAILS ( ID, IDMERE, IDINGREDIENT, IDUSER, QUANTITER, EXPLICATION, ETAT,
IDCATEGORIEINGREDIENT, DATY ) VALUES ( 
'IND134', 'INV1', 'INGBOI0021', 'u', 0, '-', 11, 'CI00001',  TO_Date( '01/01/2020 12:00:00 AM', 'MM/DD/YYYY HH:MI:SS AM')); 
INSERT INTO INVENTAIREDETAILS ( ID, IDMERE, IDINGREDIENT, IDUSER, QUANTITER, EXPLICATION, ETAT,
IDCATEGORIEINGREDIENT, DATY ) VALUES ( 
'IND135', 'INV1', 'INGBOI0023', 'u', 0, '-', 11, 'CI00001',  TO_Date( '01/01/2020 12:00:00 AM', 'MM/DD/YYYY HH:MI:SS AM')); 
INSERT INTO INVENTAIREDETAILS ( ID, IDMERE, IDINGREDIENT, IDUSER, QUANTITER, EXPLICATION, ETAT,
IDCATEGORIEINGREDIENT, DATY ) VALUES ( 
'IND136', 'INV1', 'INGBOI0020', 'u', 0, '-', 11, 'CI00001',  TO_Date( '01/01/2020 12:00:00 AM', 'MM/DD/YYYY HH:MI:SS AM')); 
INSERT INTO INVENTAIREDETAILS ( ID, IDMERE, IDINGREDIENT, IDUSER, QUANTITER, EXPLICATION, ETAT,
IDCATEGORIEINGREDIENT, DATY ) VALUES ( 
'IND137', 'INV1', 'INGBOI0068', 'u', 0, '-', 11, 'CI00001',  TO_Date( '01/01/2020 12:00:00 AM', 'MM/DD/YYYY HH:MI:SS AM')); 
INSERT INTO INVENTAIREDETAILS ( ID, IDMERE, IDINGREDIENT, IDUSER, QUANTITER, EXPLICATION, ETAT,
IDCATEGORIEINGREDIENT, DATY ) VALUES ( 
'IND138', 'INV1', 'INGBOI0001', 'u', 0, '-', 11, 'CI00001',  TO_Date( '01/01/2020 12:00:00 AM', 'MM/DD/YYYY HH:MI:SS AM')); 
INSERT INTO INVENTAIREDETAILS ( ID, IDMERE, IDINGREDIENT, IDUSER, QUANTITER, EXPLICATION, ETAT,
IDCATEGORIEINGREDIENT, DATY ) VALUES ( 
'IND139', 'INV1', 'INGBOI0002', 'u', 0, '-', 11, 'CI00001',  TO_Date( '01/01/2020 12:00:00 AM', 'MM/DD/YYYY HH:MI:SS AM')); 
INSERT INTO INVENTAIREDETAILS ( ID, IDMERE, IDINGREDIENT, IDUSER, QUANTITER, EXPLICATION, ETAT,
IDCATEGORIEINGREDIENT, DATY ) VALUES ( 
'IND140', 'INV1', 'INGBOI0003', 'u', 0, '-', 11, 'CI00001',  TO_Date( '01/01/2020 12:00:00 AM', 'MM/DD/YYYY HH:MI:SS AM')); 
INSERT INTO INVENTAIREDETAILS ( ID, IDMERE, IDINGREDIENT, IDUSER, QUANTITER, EXPLICATION, ETAT,
IDCATEGORIEINGREDIENT, DATY ) VALUES ( 
'IND141', 'INV1', 'INGBOI0004', 'u', 0, '-', 11, 'CI00001',  TO_Date( '01/01/2020 12:00:00 AM', 'MM/DD/YYYY HH:MI:SS AM')); 
INSERT INTO INVENTAIREDETAILS ( ID, IDMERE, IDINGREDIENT, IDUSER, QUANTITER, EXPLICATION, ETAT,
IDCATEGORIEINGREDIENT, DATY ) VALUES ( 
'IND142', 'INV1', 'INGBOI0005', 'u', 0, '-', 11, 'CI00001',  TO_Date( '01/01/2020 12:00:00 AM', 'MM/DD/YYYY HH:MI:SS AM')); 
INSERT INTO INVENTAIREDETAILS ( ID, IDMERE, IDINGREDIENT, IDUSER, QUANTITER, EXPLICATION, ETAT,
IDCATEGORIEINGREDIENT, DATY ) VALUES ( 
'IND143', 'INV1', 'INGBOI0006', 'u', 0, '-', 11, 'CI00001',  TO_Date( '01/01/2020 12:00:00 AM', 'MM/DD/YYYY HH:MI:SS AM')); 
INSERT INTO INVENTAIREDETAILS ( ID, IDMERE, IDINGREDIENT, IDUSER, QUANTITER, EXPLICATION, ETAT,
IDCATEGORIEINGREDIENT, DATY ) VALUES ( 
'IND144', 'INV1', 'INGBOI0009', 'u', 0, '-', 11, 'CI00001',  TO_Date( '01/01/2020 12:00:00 AM', 'MM/DD/YYYY HH:MI:SS AM')); 
INSERT INTO INVENTAIREDETAILS ( ID, IDMERE, IDINGREDIENT, IDUSER, QUANTITER, EXPLICATION, ETAT,
IDCATEGORIEINGREDIENT, DATY ) VALUES ( 
'IND145', 'INV1', 'INGBOI0012', 'u', 0, '-', 11, 'CI00001',  TO_Date( '01/01/2020 12:00:00 AM', 'MM/DD/YYYY HH:MI:SS AM')); 
INSERT INTO INVENTAIREDETAILS ( ID, IDMERE, IDINGREDIENT, IDUSER, QUANTITER, EXPLICATION, ETAT,
IDCATEGORIEINGREDIENT, DATY ) VALUES ( 
'IND146', 'INV1', 'INGBOI0014', 'u', 0, '-', 11, 'CI00001',  TO_Date( '01/01/2020 12:00:00 AM', 'MM/DD/YYYY HH:MI:SS AM')); 
INSERT INTO INVENTAIREDETAILS ( ID, IDMERE, IDINGREDIENT, IDUSER, QUANTITER, EXPLICATION, ETAT,
IDCATEGORIEINGREDIENT, DATY ) VALUES ( 
'IND147', 'INV1', 'INGBOI0015', 'u', 0, '-', 11, 'CI00001',  TO_Date( '01/01/2020 12:00:00 AM', 'MM/DD/YYYY HH:MI:SS AM')); 
INSERT INTO INVENTAIREDETAILS ( ID, IDMERE, IDINGREDIENT, IDUSER, QUANTITER, EXPLICATION, ETAT,
IDCATEGORIEINGREDIENT, DATY ) VALUES ( 
'IND148', 'INV1', 'INGBOI0016', 'u', 0, '-', 11, 'CI00001',  TO_Date( '01/01/2020 12:00:00 AM', 'MM/DD/YYYY HH:MI:SS AM')); 
INSERT INTO INVENTAIREDETAILS ( ID, IDMERE, IDINGREDIENT, IDUSER, QUANTITER, EXPLICATION, ETAT,
IDCATEGORIEINGREDIENT, DATY ) VALUES ( 
'IND149', 'INV1', 'INGBOI0019', 'u', 0, '-', 11, 'CI00001',  TO_Date( '01/01/2020 12:00:00 AM', 'MM/DD/YYYY HH:MI:SS AM')); 
INSERT INTO INVENTAIREDETAILS ( ID, IDMERE, IDINGREDIENT, IDUSER, QUANTITER, EXPLICATION, ETAT,
IDCATEGORIEINGREDIENT, DATY ) VALUES ( 
'IND150', 'INV1', 'INGBOI0022', 'u', 0, '-', 11, 'CI00001',  TO_Date( '01/01/2020 12:00:00 AM', 'MM/DD/YYYY HH:MI:SS AM')); 
INSERT INTO INVENTAIREDETAILS ( ID, IDMERE, IDINGREDIENT, IDUSER, QUANTITER, EXPLICATION, ETAT,
IDCATEGORIEINGREDIENT, DATY ) VALUES ( 
'IND151', 'INV1', 'INGBOI0024', 'u', 0, '-', 11, 'CI00001',  TO_Date( '01/01/2020 12:00:00 AM', 'MM/DD/YYYY HH:MI:SS AM')); 
INSERT INTO INVENTAIREDETAILS ( ID, IDMERE, IDINGREDIENT, IDUSER, QUANTITER, EXPLICATION, ETAT,
IDCATEGORIEINGREDIENT, DATY ) VALUES ( 
'IND152', 'INV1', 'INGBOI0025', 'u', 0, '-', 11, 'CI00001',  TO_Date( '01/01/2020 12:00:00 AM', 'MM/DD/YYYY HH:MI:SS AM')); 
INSERT INTO INVENTAIREDETAILS ( ID, IDMERE, IDINGREDIENT, IDUSER, QUANTITER, EXPLICATION, ETAT,
IDCATEGORIEINGREDIENT, DATY ) VALUES ( 
'IND153', 'INV1', 'INGBOI0066', 'u', 0, '-', 11, 'CI00001',  TO_Date( '01/01/2020 12:00:00 AM', 'MM/DD/YYYY HH:MI:SS AM')); 
INSERT INTO INVENTAIREDETAILS ( ID, IDMERE, IDINGREDIENT, IDUSER, QUANTITER, EXPLICATION, ETAT,
IDCATEGORIEINGREDIENT, DATY ) VALUES ( 
'IND154', 'INV1', 'INGBOI0067', 'u', 0, '-', 11, 'CI00001',  TO_Date( '01/01/2020 12:00:00 AM', 'MM/DD/YYYY HH:MI:SS AM')); 
INSERT INTO INVENTAIREDETAILS ( ID, IDMERE, IDINGREDIENT, IDUSER, QUANTITER, EXPLICATION, ETAT,
IDCATEGORIEINGREDIENT, DATY ) VALUES ( 
'IND155', 'INV1', 'INGS000684', 'u', 0, '-', 11, 'CI00002',  TO_Date( '01/01/2020 12:00:00 AM', 'MM/DD/YYYY HH:MI:SS AM')); 
INSERT INTO INVENTAIREDETAILS ( ID, IDMERE, IDINGREDIENT, IDUSER, QUANTITER, EXPLICATION, ETAT,
IDCATEGORIEINGREDIENT, DATY ) VALUES ( 
'IND156', 'INV1', 'INGS000686', 'u', 0, '-', 11, 'CI00004',  TO_Date( '01/01/2020 12:00:00 AM', 'MM/DD/YYYY HH:MI:SS AM')); 
INSERT INTO INVENTAIREDETAILS ( ID, IDMERE, IDINGREDIENT, IDUSER, QUANTITER, EXPLICATION, ETAT,
IDCATEGORIEINGREDIENT, DATY ) VALUES ( 
'IND157', 'INV1', 'INGS000687', 'u', 0, '-', 11, 'CI00003',  TO_Date( '01/01/2020 12:00:00 AM', 'MM/DD/YYYY HH:MI:SS AM')); 
INSERT INTO INVENTAIREDETAILS ( ID, IDMERE, IDINGREDIENT, IDUSER, QUANTITER, EXPLICATION, ETAT,
IDCATEGORIEINGREDIENT, DATY ) VALUES ( 
'IND158', 'INV1', 'INGS000688', 'u', 0, '-', 11, 'CI00003',  TO_Date( '01/01/2020 12:00:00 AM', 'MM/DD/YYYY HH:MI:SS AM')); 
INSERT INTO INVENTAIREDETAILS ( ID, IDMERE, IDINGREDIENT, IDUSER, QUANTITER, EXPLICATION, ETAT,
IDCATEGORIEINGREDIENT, DATY ) VALUES ( 
'IND159', 'INV1', 'INGS000690', 'u', 0, '-', 11, 'CI00003',  TO_Date( '01/01/2020 12:00:00 AM', 'MM/DD/YYYY HH:MI:SS AM')); 
INSERT INTO INVENTAIREDETAILS ( ID, IDMERE, IDINGREDIENT, IDUSER, QUANTITER, EXPLICATION, ETAT,
IDCATEGORIEINGREDIENT, DATY ) VALUES ( 
'IND160', 'INV1', 'INGS000693', 'u', 0, '-', 11, 'CI00003',  TO_Date( '01/01/2020 12:00:00 AM', 'MM/DD/YYYY HH:MI:SS AM')); 
INSERT INTO INVENTAIREDETAILS ( ID, IDMERE, IDINGREDIENT, IDUSER, QUANTITER, EXPLICATION, ETAT,
IDCATEGORIEINGREDIENT, DATY ) VALUES ( 
'IND161', 'INV1', 'INGS000696', 'u', 0, '-', 11, 'CI00002',  TO_Date( '01/01/2020 12:00:00 AM', 'MM/DD/YYYY HH:MI:SS AM')); 
INSERT INTO INVENTAIREDETAILS ( ID, IDMERE, IDINGREDIENT, IDUSER, QUANTITER, EXPLICATION, ETAT,
IDCATEGORIEINGREDIENT, DATY ) VALUES ( 
'IND162', 'INV1', 'INGS000698', 'u', 0, '-', 11, 'CI00003',  TO_Date( '01/01/2020 12:00:00 AM', 'MM/DD/YYYY HH:MI:SS AM')); 
INSERT INTO INVENTAIREDETAILS ( ID, IDMERE, IDINGREDIENT, IDUSER, QUANTITER, EXPLICATION, ETAT,
IDCATEGORIEINGREDIENT, DATY ) VALUES ( 
'IND163', 'INV1', 'INGS000699', 'u', 0, '-', 11, 'CI00005',  TO_Date( '01/01/2020 12:00:00 AM', 'MM/DD/YYYY HH:MI:SS AM')); 
INSERT INTO INVENTAIREDETAILS ( ID, IDMERE, IDINGREDIENT, IDUSER, QUANTITER, EXPLICATION, ETAT,
IDCATEGORIEINGREDIENT, DATY ) VALUES ( 
'IND164', 'INV1', 'INGS000702', 'u', 0, '-', 11, 'CI00002',  TO_Date( '01/01/2020 12:00:00 AM', 'MM/DD/YYYY HH:MI:SS AM')); 
INSERT INTO INVENTAIREDETAILS ( ID, IDMERE, IDINGREDIENT, IDUSER, QUANTITER, EXPLICATION, ETAT,
IDCATEGORIEINGREDIENT, DATY ) VALUES ( 
'IND165', 'INV1', 'INGS000704', 'u', 0, '-', 11, NULL,  TO_Date( '01/01/2020 12:00:00 AM', 'MM/DD/YYYY HH:MI:SS AM')); 
INSERT INTO INVENTAIREDETAILS ( ID, IDMERE, IDINGREDIENT, IDUSER, QUANTITER, EXPLICATION, ETAT,
IDCATEGORIEINGREDIENT, DATY ) VALUES ( 
'IND166', 'INV1', 'INGS000705', 'u', 0, '-', 11, 'CI00003',  TO_Date( '01/01/2020 12:00:00 AM', 'MM/DD/YYYY HH:MI:SS AM')); 
INSERT INTO INVENTAIREDETAILS ( ID, IDMERE, IDINGREDIENT, IDUSER, QUANTITER, EXPLICATION, ETAT,
IDCATEGORIEINGREDIENT, DATY ) VALUES ( 
'IND167', 'INV1', 'INGS000714', 'u', 0, '-', 11, 'CI00005',  TO_Date( '01/01/2020 12:00:00 AM', 'MM/DD/YYYY HH:MI:SS AM')); 
INSERT INTO INVENTAIREDETAILS ( ID, IDMERE, IDINGREDIENT, IDUSER, QUANTITER, EXPLICATION, ETAT,
IDCATEGORIEINGREDIENT, DATY ) VALUES ( 
'IND168', 'INV1', 'INGS000715', 'u', 0, '-', 11, 'CI00003',  TO_Date( '01/01/2020 12:00:00 AM', 'MM/DD/YYYY HH:MI:SS AM')); 
INSERT INTO INVENTAIREDETAILS ( ID, IDMERE, IDINGREDIENT, IDUSER, QUANTITER, EXPLICATION, ETAT,
IDCATEGORIEINGREDIENT, DATY ) VALUES ( 
'IND169', 'INV1', 'INGS000719', 'u', 0, '-', 11, 'CI00004',  TO_Date( '01/01/2020 12:00:00 AM', 'MM/DD/YYYY HH:MI:SS AM')); 
INSERT INTO INVENTAIREDETAILS ( ID, IDMERE, IDINGREDIENT, IDUSER, QUANTITER, EXPLICATION, ETAT,
IDCATEGORIEINGREDIENT, DATY ) VALUES ( 
'IND170', 'INV1', 'INGS000721', 'u', 0, '-', 11, 'CI00003',  TO_Date( '01/01/2020 12:00:00 AM', 'MM/DD/YYYY HH:MI:SS AM')); 
INSERT INTO INVENTAIREDETAILS ( ID, IDMERE, IDINGREDIENT, IDUSER, QUANTITER, EXPLICATION, ETAT,
IDCATEGORIEINGREDIENT, DATY ) VALUES ( 
'IND171', 'INV1', 'INGS000722', 'u', 0, '-', 11, 'CI00003',  TO_Date( '01/01/2020 12:00:00 AM', 'MM/DD/YYYY HH:MI:SS AM')); 
INSERT INTO INVENTAIREDETAILS ( ID, IDMERE, IDINGREDIENT, IDUSER, QUANTITER, EXPLICATION, ETAT,
IDCATEGORIEINGREDIENT, DATY ) VALUES ( 
'IND172', 'INV1', 'INGS000723', 'u', 0, '-', 11, 'CI00004',  TO_Date( '01/01/2020 12:00:00 AM', 'MM/DD/YYYY HH:MI:SS AM')); 
INSERT INTO INVENTAIREDETAILS ( ID, IDMERE, IDINGREDIENT, IDUSER, QUANTITER, EXPLICATION, ETAT,
IDCATEGORIEINGREDIENT, DATY ) VALUES ( 
'IND173', 'INV1', 'INGS000724', 'u', 0, '-', 11, 'CI00002',  TO_Date( '01/01/2020 12:00:00 AM', 'MM/DD/YYYY HH:MI:SS AM')); 
INSERT INTO INVENTAIREDETAILS ( ID, IDMERE, IDINGREDIENT, IDUSER, QUANTITER, EXPLICATION, ETAT,
IDCATEGORIEINGREDIENT, DATY ) VALUES ( 
'IND174', 'INV1', 'INGS000725', 'u', 0, '-', 11, 'CI00004',  TO_Date( '01/01/2020 12:00:00 AM', 'MM/DD/YYYY HH:MI:SS AM')); 
INSERT INTO INVENTAIREDETAILS ( ID, IDMERE, IDINGREDIENT, IDUSER, QUANTITER, EXPLICATION, ETAT,
IDCATEGORIEINGREDIENT, DATY ) VALUES ( 
'IND175', 'INV1', 'INGS000727', 'u', 0, '-', 11, 'CI00003',  TO_Date( '01/01/2020 12:00:00 AM', 'MM/DD/YYYY HH:MI:SS AM')); 
INSERT INTO INVENTAIREDETAILS ( ID, IDMERE, IDINGREDIENT, IDUSER, QUANTITER, EXPLICATION, ETAT,
IDCATEGORIEINGREDIENT, DATY ) VALUES ( 
'IND176', 'INV1', 'INGS000730', 'u', 0, '-', 11, 'CI00001',  TO_Date( '01/01/2020 12:00:00 AM', 'MM/DD/YYYY HH:MI:SS AM')); 
INSERT INTO INVENTAIREDETAILS ( ID, IDMERE, IDINGREDIENT, IDUSER, QUANTITER, EXPLICATION, ETAT,
IDCATEGORIEINGREDIENT, DATY ) VALUES ( 
'IND177', 'INV1', 'INGS000733', 'u', 0, '-', 11, 'CI00002',  TO_Date( '01/01/2020 12:00:00 AM', 'MM/DD/YYYY HH:MI:SS AM')); 
INSERT INTO INVENTAIREDETAILS ( ID, IDMERE, IDINGREDIENT, IDUSER, QUANTITER, EXPLICATION, ETAT,
IDCATEGORIEINGREDIENT, DATY ) VALUES ( 
'IND178', 'INV1', 'INGS000738', 'u', 0, '-', 11, 'CI00003',  TO_Date( '01/01/2020 12:00:00 AM', 'MM/DD/YYYY HH:MI:SS AM')); 
INSERT INTO INVENTAIREDETAILS ( ID, IDMERE, IDINGREDIENT, IDUSER, QUANTITER, EXPLICATION, ETAT,
IDCATEGORIEINGREDIENT, DATY ) VALUES ( 
'IND179', 'INV1', 'INGS000741', 'u', 0, '-', 11, 'CI00003',  TO_Date( '01/01/2020 12:00:00 AM', 'MM/DD/YYYY HH:MI:SS AM')); 
INSERT INTO INVENTAIREDETAILS ( ID, IDMERE, IDINGREDIENT, IDUSER, QUANTITER, EXPLICATION, ETAT,
IDCATEGORIEINGREDIENT, DATY ) VALUES ( 
'IND180', 'INV1', 'INGS000742', 'u', 0, '-', 11, 'CI00003',  TO_Date( '01/01/2020 12:00:00 AM', 'MM/DD/YYYY HH:MI:SS AM')); 
INSERT INTO INVENTAIREDETAILS ( ID, IDMERE, IDINGREDIENT, IDUSER, QUANTITER, EXPLICATION, ETAT,
IDCATEGORIEINGREDIENT, DATY ) VALUES ( 
'IND181', 'INV1', 'INGS000743', 'u', 0, '-', 11, 'CI00003',  TO_Date( '01/01/2020 12:00:00 AM', 'MM/DD/YYYY HH:MI:SS AM')); 
INSERT INTO INVENTAIREDETAILS ( ID, IDMERE, IDINGREDIENT, IDUSER, QUANTITER, EXPLICATION, ETAT,
IDCATEGORIEINGREDIENT, DATY ) VALUES ( 
'IND182', 'INV1', 'INGS000746', 'u', 0, '-', 11, 'CI00004',  TO_Date( '01/01/2020 12:00:00 AM', 'MM/DD/YYYY HH:MI:SS AM')); 
INSERT INTO INVENTAIREDETAILS ( ID, IDMERE, IDINGREDIENT, IDUSER, QUANTITER, EXPLICATION, ETAT,
IDCATEGORIEINGREDIENT, DATY ) VALUES ( 
'IND183', 'INV1', 'INGS000748', 'u', 0, '-', 11, 'CI00003',  TO_Date( '01/01/2020 12:00:00 AM', 'MM/DD/YYYY HH:MI:SS AM')); 
INSERT INTO INVENTAIREDETAILS ( ID, IDMERE, IDINGREDIENT, IDUSER, QUANTITER, EXPLICATION, ETAT,
IDCATEGORIEINGREDIENT, DATY ) VALUES ( 
'IND184', 'INV1', 'INGS000749', 'u', 0, '-', 11, 'CI00003',  TO_Date( '01/01/2020 12:00:00 AM', 'MM/DD/YYYY HH:MI:SS AM')); 
INSERT INTO INVENTAIREDETAILS ( ID, IDMERE, IDINGREDIENT, IDUSER, QUANTITER, EXPLICATION, ETAT,
IDCATEGORIEINGREDIENT, DATY ) VALUES ( 
'IND185', 'INV1', 'INGS000750', 'u', 0, '-', 11, 'CI00003',  TO_Date( '01/01/2020 12:00:00 AM', 'MM/DD/YYYY HH:MI:SS AM')); 
INSERT INTO INVENTAIREDETAILS ( ID, IDMERE, IDINGREDIENT, IDUSER, QUANTITER, EXPLICATION, ETAT,
IDCATEGORIEINGREDIENT, DATY ) VALUES ( 
'IND186', 'INV1', 'INGS000828', 'u', 0, '-', 11, 'CI00003',  TO_Date( '01/01/2020 12:00:00 AM', 'MM/DD/YYYY HH:MI:SS AM')); 
INSERT INTO INVENTAIREDETAILS ( ID, IDMERE, IDINGREDIENT, IDUSER, QUANTITER, EXPLICATION, ETAT,
IDCATEGORIEINGREDIENT, DATY ) VALUES ( 
'IND187', 'INV1', 'INGS000829', 'u', 0, '-', 11, 'CI00007',  TO_Date( '01/01/2020 12:00:00 AM', 'MM/DD/YYYY HH:MI:SS AM')); 
INSERT INTO INVENTAIREDETAILS ( ID, IDMERE, IDINGREDIENT, IDUSER, QUANTITER, EXPLICATION, ETAT,
IDCATEGORIEINGREDIENT, DATY ) VALUES ( 
'IND188', 'INV1', 'INGS000830', 'u', 0, '-', 11, 'CI00007',  TO_Date( '01/01/2020 12:00:00 AM', 'MM/DD/YYYY HH:MI:SS AM')); 
INSERT INTO INVENTAIREDETAILS ( ID, IDMERE, IDINGREDIENT, IDUSER, QUANTITER, EXPLICATION, ETAT,
IDCATEGORIEINGREDIENT, DATY ) VALUES ( 
'IND189', 'INV1', 'INGS000831', 'u', 0, '-', 11, 'CI00007',  TO_Date( '01/01/2020 12:00:00 AM', 'MM/DD/YYYY HH:MI:SS AM')); 
INSERT INTO INVENTAIREDETAILS ( ID, IDMERE, IDINGREDIENT, IDUSER, QUANTITER, EXPLICATION, ETAT,
IDCATEGORIEINGREDIENT, DATY ) VALUES ( 
'IND190', 'INV1', 'INGS000832', 'u', 0, '-', 11, 'CI00007',  TO_Date( '01/01/2020 12:00:00 AM', 'MM/DD/YYYY HH:MI:SS AM')); 
INSERT INTO INVENTAIREDETAILS ( ID, IDMERE, IDINGREDIENT, IDUSER, QUANTITER, EXPLICATION, ETAT,
IDCATEGORIEINGREDIENT, DATY ) VALUES ( 
'IND191', 'INV1', 'INGS000833', 'u', 0, '-', 11, 'CI00007',  TO_Date( '01/01/2020 12:00:00 AM', 'MM/DD/YYYY HH:MI:SS AM')); 
INSERT INTO INVENTAIREDETAILS ( ID, IDMERE, IDINGREDIENT, IDUSER, QUANTITER, EXPLICATION, ETAT,
IDCATEGORIEINGREDIENT, DATY ) VALUES ( 
'IND192', 'INV1', 'INGS000834', 'u', 0, '-', 11, 'CI00007',  TO_Date( '01/01/2020 12:00:00 AM', 'MM/DD/YYYY HH:MI:SS AM')); 
INSERT INTO INVENTAIREDETAILS ( ID, IDMERE, IDINGREDIENT, IDUSER, QUANTITER, EXPLICATION, ETAT,
IDCATEGORIEINGREDIENT, DATY ) VALUES ( 
'IND193', 'INV1', 'INGS000835', 'u', 0, '-', 11, 'CI00007',  TO_Date( '01/01/2020 12:00:00 AM', 'MM/DD/YYYY HH:MI:SS AM')); 
INSERT INTO INVENTAIREDETAILS ( ID, IDMERE, IDINGREDIENT, IDUSER, QUANTITER, EXPLICATION, ETAT,
IDCATEGORIEINGREDIENT, DATY ) VALUES ( 
'IND194', 'INV1', 'INGS000836', 'u', 0, '-', 11, 'CI00007',  TO_Date( '01/01/2020 12:00:00 AM', 'MM/DD/YYYY HH:MI:SS AM')); 
INSERT INTO INVENTAIREDETAILS ( ID, IDMERE, IDINGREDIENT, IDUSER, QUANTITER, EXPLICATION, ETAT,
IDCATEGORIEINGREDIENT, DATY ) VALUES ( 
'IND195', 'INV1', 'INGS000837', 'u', 0, '-', 11, 'CI00007',  TO_Date( '01/01/2020 12:00:00 AM', 'MM/DD/YYYY HH:MI:SS AM')); 
INSERT INTO INVENTAIREDETAILS ( ID, IDMERE, IDINGREDIENT, IDUSER, QUANTITER, EXPLICATION, ETAT,
IDCATEGORIEINGREDIENT, DATY ) VALUES ( 
'IND196', 'INV1', 'INGS000838', 'u', 0, '-', 11, 'CI00007',  TO_Date( '01/01/2020 12:00:00 AM', 'MM/DD/YYYY HH:MI:SS AM')); 

update as_mvt_stock set depot='defaut';
COMMIT;

CREATE OR REPLACE VIEW AS_INGREDIENTS_LIBELLE
(ID, LIBELLE, SEUIL, UNITE, QUANTITEPARPACK, 
 PU)
AS 
select as_ingredients.id, as_ingredients.libelle, as_ingredients.seuil, u.val as unite, 
as_ingredients.quantiteparpack, as_ingredients.pu
from as_ingredients join as_unite u on as_ingredients.unite = u.id;

CREATE OR REPLACE VIEW AS_MVTSTOCK_FILLE_LIBL
(ID, IDMVTSTOCK, INGREDIENTS, ENTREE, SORTIE, 
 SOLDE, PU, IDMVT, STOCK_INIT, IDUNITE)
AS 
select
           mvt.id,
           mvt.idmvtstock,
           igd.libelle as ingredients,
           mvt.entree,
           mvt.sortie,
            mvt.solde,
           mvt.pu,
           mvt.idmvt,
           mvt.STOCK_INIT,
           un.VAL as idunite
    from as_mvt_stock_fille mvt
            join as_ingredients igd on mvt.ingredients = igd.id
            join AS_UNITE un on un.id = igd.UNITE
/




