	--  ASRMMM == RC --
	--  ASIMMM == INGS --
	
	INSERT INTO AS_INGREDIENTS VALUES ('INGS000751', 'farine', 0,'UNT00001',1,2,1,'farine.jpg',null,null,0,'CI00003');
	INSERT INTO AS_INGREDIENTS VALUES ('INGS000752', 've tsin', 0,'UNT00001',1,0,1,'ve-tsin.jpg',null,null,0,'CI00003');
	INSERT INTO AS_INGREDIENTS VALUES ('INGS000753', 'gingembre', 0,'UNT00001',1,6,1,'gingembre.jpg',null,null,0,'CI00003');
	INSERT INTO AS_INGREDIENTS VALUES ('INGS000754', 'vin blanc', 0,'UNT00004',1,13,1,'vin-blanc.jpg',null,null,0,'CI00001');
	INSERT INTO AS_INGREDIENTS VALUES ('INGS000758', 'menaka', 0,'UNT00004',1,6,1,'menaka.jpg',null,null,0,'CI00003');
	INSERT INTO AS_INGREDIENTS VALUES ('INGS000759', 'Ail rape', 0,'UNT00001',1,16,1,'Ail-rape.jpg',null,null,0,'CI00002');
	INSERT INTO AS_INGREDIENTS VALUES ('INGS000760', 'Filet de bœuf', 0,'UNT00001',1,0,1,'Filet-de-bœuf.jpg',null,null,0,'CI00002');
	INSERT INTO AS_INGREDIENTS VALUES ('INGS000761', '5 epices', 0,'UNT00001',1,0,1,'5-epices.jpg',null,null,0,'CI00003');
	INSERT INTO AS_INGREDIENTS VALUES ('INGS000762', 'ail de poulet', 0,'UNT00001',1,0,1,'ail-de-poulet.jpg',null,null,0,'CI00002');
	INSERT INTO AS_INGREDIENTS VALUES ('INGS000763', 'ail vototo', 0,'UNT00001',1,0,1,'ail-vototo.jpg',null,null,0,null);
	INSERT INTO AS_INGREDIENTS VALUES ('INGS000764', 'Amalona', 0,'UNT00004',1,20,1,'Amalona.jpg',null,null,0,'CI00002');
	INSERT INTO AS_INGREDIENTS VALUES ('INGS000765', 'anamalaho', 0,'UNT00001',1,4,1,'anamalaho.jpg',null,null,0,'CI00004');
	INSERT INTO AS_INGREDIENTS VALUES ('INGS000766', 'ananas', 0,'UNT00001',1,8,1,'ananas.jpg',null,null,0,null);
	INSERT INTO AS_INGREDIENTS VALUES ('INGS000767', 'angivy', 0,'UNT00001',1,3,1,'angivy.jpg',null,null,0,'CI00004');
	INSERT INTO AS_INGREDIENTS VALUES ('INGS000768', 'anis etoilé', 0,'UNT00001',1,0,1,'anis-etoilé.jpg',null,null,0,null);
	INSERT INTO AS_INGREDIENTS VALUES ('INGS000769', 'Beurre speciale', 0,'UNT00001',1,20,1,'Beurre-speciale.jpg',null,null,0,'CI00003');
	INSERT INTO AS_INGREDIENTS VALUES ('INGS000770', 'boulette de porc', 0,'UNT00005',1,322,1,'boulette-de-porc.jpg',null,null,0,null);
	INSERT INTO AS_INGREDIENTS VALUES ('INGS000771', 'calmar', 0,'UNT00001',1,30,1,'calmar.jpg',null,null,0,null);
	INSERT INTO AS_INGREDIENTS VALUES ('INGS000772', 'canard', 0,'UNT00001',1,15000,1,'canard.jpg',null,null,0,null);
	INSERT INTO AS_INGREDIENTS VALUES ('INGS000773', 'canelle', 0,'UNT00001',1,0,1,'canelle.jpg',null,null,0,null);
	INSERT INTO AS_INGREDIENTS VALUES ('INGS000774', 'cardamome noir', 0,'UNT00001',1,0,1,'cardamome-noir.jpg',null,null,0,null);
	INSERT INTO AS_INGREDIENTS VALUES ('INGS000775', 'CIBOULETTE', 0,'UNT00001',1,0,1,'CIBOULETTE.jpg',null,null,0,'CI00004');
	INSERT INTO AS_INGREDIENTS VALUES ('INGS000776', 'citron', 0,'UNT00001',1,0,1,'citron.jpg',null,null,0,'CI00004');
	INSERT INTO AS_INGREDIENTS VALUES ('INGS000777', 'citron deco', 0,'UNT00001',1,0,1,'citron-deco.jpg',null,null,0,null);
	INSERT INTO AS_INGREDIENTS VALUES ('INGS000778', 'cote', 0,'UNT00001',1,15,1,'cote.jpg',null,null,0,'CI00002');
	INSERT INTO AS_INGREDIENTS VALUES ('INGS000779', 'crabe', 0,'UNT00001',1,7,1,'crabe.jpg',null,null,0,null);
	INSERT INTO AS_INGREDIENTS VALUES ('INGS000780', 'crème fraiche', 0,'UNT00004',1,4,1,'crème-fraiche.jpg',null,null,0,'CI00004');
	INSERT INTO AS_INGREDIENTS VALUES ('INGS000781', 'cube pho', 0,'UNT00005',1,0,1,'cube-pho.jpg',null,null,0,null);
	INSERT INTO AS_INGREDIENTS VALUES ('INGS000782', 'cuisse de poulet', 0,'UNT00001',1,13,1,'cuisse-de-poulet.jpg',null,null,0,'CI00002');
	INSERT INTO AS_INGREDIENTS VALUES ('INGS000784', 'FEUILLE DE SALADE', 0,'UNT00005',1,0,1,'FEUILLE-DE-SALADE.jpg',null,null,0,'CI00004');
	INSERT INTO AS_INGREDIENTS VALUES ('INGS000785', 'filet', 0,'UNT00001',1,18,1,'filet.jpg',null,null,0,null);
	INSERT INTO AS_INGREDIENTS VALUES ('INGS000786', 'grains de coriandre', 0,'UNT00001',1,0,1,'grains-de-coriandre.jpg',null,null,0,'CI00004');
	INSERT INTO AS_INGREDIENTS VALUES ('INGS000787', 'grains de poivre', 0,'UNT00001',1,0,1,'grains-de-poivre.jpg',null,null,0,'CI00004');
	INSERT INTO AS_INGREDIENTS VALUES ('INGS000788', 'hena kisoa', 0,'UNT00001',1,13,1,'hena-kisoa.jpg',null,null,0,'CI00002');
	INSERT INTO AS_INGREDIENTS VALUES ('INGS000789', 'huile d olive', 0,'UNT00004',1,2,1,'huile-d-olive.jpg',null,null,0,'CI00003');
	INSERT INTO AS_INGREDIENTS VALUES ('INGS000790', 'jaba', 0,'UNT00005',1,0,1,'jaba.jpg',null,null,0,null);
	INSERT INTO AS_INGREDIENTS VALUES ('INGS000791', 'ketchup', 0,'UNT00001',1,12,1,'ketchup.jpg',null,null,0,'CI00003');
	INSERT INTO AS_INGREDIENTS VALUES ('INGS000792', 'LAMELLE DE POULET', 0,'UNT00001',1,0,1,'LAMELLE-DE-POULET.jpg',null,null,0,'CI00002');
	INSERT INTO AS_INGREDIENTS VALUES ('INGS000793', 'LAMELLE DE TSATSIO', 0,'UNT00001',1,0,1,'LAMELLE-DE-TSATSIO.jpg',null,null,0,'CI00002');
	INSERT INTO AS_INGREDIENTS VALUES ('INGS000794', 'lamelle filet', 0,'UNT00001',1,0,1,'lamelle-filet.jpg',null,null,0,'CI00002');
	INSERT INTO AS_INGREDIENTS VALUES ('INGS000795', 'lardon', 0,'UNT00001',1,29,1,'lardon.jpg',null,null,0,null);
	INSERT INTO AS_INGREDIENTS VALUES ('INGS000796', 'mais doux', 0,'UNT00001',1,9,1,'mais-doux.jpg',null,null,0,null);
	INSERT INTO AS_INGREDIENTS VALUES ('INGS000797', 'maitsomaitso', 0,'UNT00001',1,0,1,'maitsomaitso.jpg',null,null,0,null);
	INSERT INTO AS_INGREDIENTS VALUES ('INGS000798', 'mayonnaise', 0,'UNT00001',1,0,1,'mayonnaise.jpg',null,null,0,'CI00003');
	INSERT INTO AS_INGREDIENTS VALUES ('INGS000799', 'merlan', 0,'UNT00001',1,0,1,'merlan.jpg',null,null,0,'CI00002');
	INSERT INTO AS_INGREDIENTS VALUES ('INGS000800', 'miel', 0,'UNT00004',1,18,1,'miel.jpg',null,null,0,null);
	INSERT INTO AS_INGREDIENTS VALUES ('INGS000801', 'mil gout', 0,'UNT00001',1,0,1,'mil-gout.jpg',null,null,0,'CI00003');
	INSERT INTO AS_INGREDIENTS VALUES ('INGS000802', 'mofo', 0,'UNT00005',1,500,1,'mofo.jpg',null,null,0,null);
	INSERT INTO AS_INGREDIENTS VALUES ('INGS000803', 'Nofona hena-kisoa', 0,'UNT00001',1,0,1,'Nofona-hena-kisoa.jpg',null,null,0,'CI00002');
	INSERT INTO AS_INGREDIENTS VALUES ('INGS000804', 'olive noire', 0,'UNT00005',1,13,1,'olive-noire.jpg',null,null,0,null);
	INSERT INTO AS_INGREDIENTS VALUES ('INGS000805', 'OMELLETTE', 0,'UNT00001',1,100,1,'OMELLETTE.jpg',null,null,0,'CI00007');
	INSERT INTO AS_INGREDIENTS VALUES ('INGS000806', 'ovy mena', 0,'UNT00001',1,12,1,'ovy-mena.jpg',null,null,0,'CI00004');
	INSERT INTO AS_INGREDIENTS VALUES ('INGS000807', 'PATE', 0,'UNT00001',1,15,1,'PATE.jpg',null,null,0,'CI00002');
	INSERT INTO AS_INGREDIENTS VALUES ('INGS000808', 'pate de porc', 0,'UNT00001',1,0,1,'pate-de-porc.jpg',null,null,0,'CI00002');
	INSERT INTO AS_INGREDIENTS VALUES ('INGS000809', 'pate de riz', 0,'UNT00001',1,0,1,'pate-de-riz.jpg',null,null,0,null);
	INSERT INTO AS_INGREDIENTS VALUES ('INGS000810', 'poivron', 0,'UNT00001',1,2,1,'poivron.jpg',null,null,0,null);
	INSERT INTO AS_INGREDIENTS VALUES ('INGS000811', 'Poulet', 0,'UNT00001',1,4,1,'Poulet.jpg',null,null,0,'CI00002');
	INSERT INTO AS_INGREDIENTS VALUES ('INGS000812', 'pousse de soja', 0,'UNT00001',1,0,1,'pousse-de-soja.jpg',null,null,0,'CI00004');
	INSERT INTO AS_INGREDIENTS VALUES ('INGS000814', 'ravitoto', 0,'UNT00001',1,7,1,'ravitoto.jpg',null,null,0,'CI00004');
	INSERT INTO AS_INGREDIENTS VALUES ('INGS000815', 'rhum', 0,'UNT00004',1,11,1,'rhum.jpg',null,null,0,'CI00001');
	INSERT INTO AS_INGREDIENTS VALUES ('INGS000816', 'rougail', 0,'UNT00005',1,701,1,'rougail.jpg',null,null,0,null);
	INSERT INTO AS_INGREDIENTS VALUES ('INGS000817', 'saucisse', 0,'UNT00001',1,35,1,'saucisse.jpg',null,null,0,null);
	INSERT INTO AS_INGREDIENTS VALUES ('INGS000818', 'sesame', 0,'UNT00001',1,11,1,'sesame.jpg',null,null,0,null);
	INSERT INTO AS_INGREDIENTS VALUES ('INGS000819', 'sweet chili', 0,'UNT00001',1,17,1,'sweet-chili.jpg',null,null,0,'CI00002');
	INSERT INTO AS_INGREDIENTS VALUES ('INGS000820', 'Taolakisoa', 0,'UNT00001',1,13,1,'Taolakisoa.jpg',null,null,0,'CI00002');
	INSERT INTO AS_INGREDIENTS VALUES ('INGS000821', 'taolan-tsoka', 0,'UNT00001',1,0,1,'taolan-tsoka.jpg',null,null,0,'CI00002');
	INSERT INTO AS_INGREDIENTS VALUES ('INGS000822', 'thym', 0,'UNT00005',1,15,1,'thym.jpg',null,null,0,null);
	INSERT INTO AS_INGREDIENTS VALUES ('INGS000823', 'tripe', 0,'UNT00001',1,6,1,'tripe.jpg',null,null,0,'CI00002');
	INSERT INTO AS_INGREDIENTS VALUES ('INGS000824', 'van tan', 0,'UNT00005',1,180,1,'van-tan.jpg',null,null,0,'CI00002');
	INSERT INTO AS_INGREDIENTS VALUES ('INGS000825', 'vary', 0,'UNT00001',1,2,1,'vary.jpg',null,null,0,null);
	INSERT INTO AS_INGREDIENTS VALUES ('INGS000826', 'ventsine', 0,'UNT00001',1,0,1,'ventsine.jpg',null,null,0,'CI00003');
	INSERT INTO AS_INGREDIENTS VALUES ('INGS000827', 'vintsin', 0,'UNT00001',1,0,1,'vintsin.jpg',null,null,0,null);
	INSERT INTO AS_INGREDIENTS values ('INGS000617', 'tomate', 0, 'UNT00001', 1, 2, 1, '', null, null, 0, 'CI00004');
	INSERT INTO AS_INGREDIENTS values ('INGS000618', 'sauce soja', 0, 'UNT00004', 1, 9, 1, '', null, null, 0, 'CI00003');
	INSERT INTO AS_INGREDIENTS values ('INGS000621', 'poivre', 0, 'UNT00001', 1, 28, 1, '', null, null, 0, 'CI00003');
	INSERT INTO AS_INGREDIENTS values ('INGS000622', 'sucre', 0, 'UNT00001', 1, 2, 1, '', null, null, 0, 'CI00003');
	INSERT INTO AS_INGREDIENTS values ('INGS000624', 'jumbo', 0, 'UNT00005', 1, 200, 1, '', null, null, 0, 'CI00003');
	INSERT INTO AS_INGREDIENTS values ('INGS000625', 'poulet gasy', 0, 'UNT00001', 1, 15, 1, '', null, null, 0, 'CI00002');
	INSERT INTO AS_INGREDIENTS values ('INGS000628', 'sel', 0, 'UNT00001', 1, 1, 1, '', null, null, 0, 'CI00003');
	INSERT INTO AS_INGREDIENTS values ('INGS000629', 'sauce huitre', 0, 'UNT00004', 1, 11, 1, '', null, null, 0, 'CI00003');
	INSERT INTO AS_INGREDIENTS values ('INGS000630', 'beurre eurocuisine', 0, 'UNT00001', 1, 10, 1, '', null, null, 0, 'CI00003');
	INSERT INTO AS_INGREDIENTS values ('INGS000633', 'poivre vert', 0, 'UNT00001', 1, 16, 1, '', null, null, 0, 'CI00003');
	INSERT INTO AS_INGREDIENTS values ('INGS000634', 'feuille de laurier', 0, 'UNT00001', 1, 33, 1, 'feuille-de-laurier.jpg', null, null, 0, 'CI00003');
	INSERT INTO AS_INGREDIENTS values ('INGS000635', 'jumbo poulet', 0, 'UNT00005', 1, 200, 1, '', null, null, 0, 'CI00003');
	INSERT INTO AS_INGREDIENTS values ('INGS000639', 'pate nem', 0, 'UNT00005', 1, 200, 1, '', null, null, 0, 'CI00003');
	INSERT INTO AS_INGREDIENTS values ('INGS000640', 'tsa siou', 0, 'UNT00001', 1, 40, 1, '', null, null, 0, 'CI00002');
	INSERT INTO AS_INGREDIENTS values ('INGS000641', 'tomate en boite', 0, 'UNT00001', 1, 16, 1, '', null, null, 0, 'CI00003');
	INSERT INTO AS_INGREDIENTS values ('INGS000642', 'beurre', 0, 'UNT00001', 1, 10, 1, 'beurre.jpg', null, null, 0, 'CI00003');
	INSERT INTO AS_INGREDIENTS values ('INGS000643', 'haricot vert', 0, 'UNT00001', 1, 4, 1, '', null, null, 0, 'CI00004');
	INSERT INTO AS_INGREDIENTS values ('INGS000645', 'nofo kisoa', 0, 'UNT00001', 1, 16, 1, '', null, null, 0, 'CI00002');
	INSERT INTO AS_INGREDIENTS values ('INGS000647', 'Hena omby', 0, 'UNT00001', 1, 13, 1, 'hena-omby.jpg', null, null, 0, 'CI00002');
	INSERT INTO AS_INGREDIENTS values ('INGS000656', 'chapelure', 0, 'UNT00001', 1, 6, 1, '', null, null, 0, 'CI00003');
	INSERT INTO AS_INGREDIENTS values ('INGS000657', 'levure', 0, 'UNT00001', 1, 13, 1, 'levure.jpg', null, null, 0, 'CI00003');
	INSERT INTO AS_INGREDIENTS values ('INGS000658', 'Galette de riz', 0, 'UNT00001', 1, 18, 1, '', null, null, 0, 'CI00005');
	INSERT INTO AS_INGREDIENTS values ('INGS000659', 'blanc de poulet', 0, 'UNT00001', 1, 25, 1, '', null, null, 0, 'CI00007');
	INSERT INTO AS_INGREDIENTS values ('INGS000661', 'courgette', 0, 'UNT00001', 1, 28, 1, '', null, null, 0, 'CI00004');
	INSERT INTO AS_INGREDIENTS values ('INGS000662', 'oignon', 0, 'UNT00001', 1, 2, 1, '', null, null, 0, 'CI00003');
	INSERT INTO AS_INGREDIENTS values ('INGS000666', 'tantely', 0, 'UNT00001', 1, 18, 1, '', null, null, 0, 'CI00003');
	INSERT INTO AS_INGREDIENTS values ('INGS000669', 'sauce tomate', 0, 'UNT00001', 1, 4, 1, '', null, null, 0, 'CI00003');
	INSERT INTO AS_INGREDIENTS values ('INGS000673', 'langue de bœuf', 0, 'UNT00001', 1, 15, 1, '', null, null, 0, 'CI00002');
	INSERT INTO AS_INGREDIENTS values ('INGS000674', 'huile', 0, 'UNT00004', 1, 5, 1, 'huile.jpg', null, null, 0, 'CI00003');
	INSERT INTO AS_INGREDIENTS values ('INGS000676', 'creme liquide', 0, 'UNT00004', 1, 11, 1, 'creme-liquide.jpg', null, null, 0, 'CI00003');
	INSERT INTO AS_INGREDIENTS values ('INGS000677', 'sira', 0, 'UNT00001', 1, 20, 1, '', null, null, 0, 'CI00003');
	INSERT INTO AS_INGREDIENTS values ('INGS000678', 'Crevette', 0, 'UNT00001', 1, 40, 1, 'crevette.jpg', null, null, 0, 'CI00002');
	INSERT INTO AS_INGREDIENTS values ('INGS000680', 'poivron vert', 0, 'UNT00001', 1, 2, 1, '', null, null, 0, 'CI00004');
	INSERT INTO AS_INGREDIENTS values ('INGS000681', 'choux fleur', 0, 'UNT00001', 1, 0, 1, '', null, null, 0, 'CI00004');
	INSERT INTO AS_INGREDIENTS values ('INGS000682', 'brocoli', 0, 'UNT00001', 1, 0, 1, '', null, null, 0, 'CI00003');
	INSERT INTO AS_INGREDIENTS values ('INGS000683', 'vary( riz de lux);', 0, 'UNT00001', 1, 2, 1, '', null, null, 0, 'CI00005');
	INSERT INTO AS_INGREDIENTS values ('INGS000684', 'totokena kisoa', 0, 'UNT00001', 1, 8, 1, '', null, null, 0, 'CI00002');
	INSERT INTO AS_INGREDIENTS values ('INGS000686', 'carotte', 0, 'UNT00001', 1, 0, 1, '', null, null, 0, 'CI00004');
	INSERT INTO AS_INGREDIENTS values ('INGS000687', 'kotomila', 0, 'UNT00001', 1, 11, 1, '', null, null, 0, 'CI00003');
	INSERT INTO AS_INGREDIENTS values ('INGS000688', 'ail', 0, 'UNT00001', 1, 6, 1, 'ail.jpg', null, null, 0, 'CI00003');
	INSERT INTO AS_INGREDIENTS values ('INGS000690', 'grain de poivre', 0, 'UNT00001', 1, 16, 1, '', null, null, 0, 'CI00003');
	INSERT INTO AS_INGREDIENTS values ('INGS000693', 'vinaigre', 0, 'UNT00001', 1, 10, 1, '', null, null, 0, 'CI00003');
	INSERT INTO AS_INGREDIENTS values ('INGS000696', 'thon', 0, 'UNT00001', 1, 21, 1, '', null, null, 0, 'CI00002');
	INSERT INTO AS_INGREDIENTS values ('INGS000698', 'gingembre rapé', 0, 'UNT00001', 1, 6, 1, '', null, null, 0, 'CI00003');
	INSERT INTO AS_INGREDIENTS values ('INGS000699', 'spagetti', 0, 'UNT00001', 1, 4, 1, '', null, null, 0, 'CI00005');
	INSERT INTO AS_INGREDIENTS values ('INGS000702', 'chair de crabe', 0, 'UNT00001', 1, 24, 1, 'chair-de-crabe.jpg', null, null, 0, 'CI00002');
	INSERT INTO AS_INGREDIENTS values ('INGS000704', 'cuisse de nymphe', 0, '', 1, 15000, 1, '', null, null, 0, '');
	INSERT INTO AS_INGREDIENTS values ('INGS000705', 'persil', 0, 'UNT00001', 1, 18, 1, '', null, null, 0, 'CI00003');
	INSERT INTO AS_INGREDIENTS values ('INGS000714', 'pate blanche', 0, 'UNT00001', 1, 22, 1, '', null, null, 0, 'CI00005');
	INSERT INTO AS_INGREDIENTS values ('INGS000715', 'fecule', 0, 'UNT00001', 1, 6, 1, 'fecule.jpg', null, null, 0, 'CI00003');
	INSERT INTO AS_INGREDIENTS values ('INGS000719', 'ovy', 0, 'UNT00001', 1, 3, 1, '', null, null, 0, 'CI00004');
	INSERT INTO AS_INGREDIENTS values ('INGS000721', 'celeri', 0, 'UNT00001', 1, 10, 1, 'celeri.jpg', null, null, 0, 'CI00003');
	INSERT INTO AS_INGREDIENTS values ('INGS000722', 'huile de sesame', 0, 'UNT00004', 1, 44, 1, '', null, null, 0, 'CI00003');
	INSERT INTO AS_INGREDIENTS values ('INGS000723', 'oignon vert', 0, 'UNT00001', 1, 10, 1, '', null, null, 0, 'CI00004');
	INSERT INTO AS_INGREDIENTS values ('INGS000724', 'totokena omby', 0, 'UNT00001', 1, 8, 1, '', null, null, 0, 'CI00002');
	INSERT INTO AS_INGREDIENTS values ('INGS000725', 'pomme de terre', 0, 'UNT00001', 1, 15, 1, '', null, null, 0, 'CI00004');
	INSERT INTO AS_INGREDIENTS values ('INGS000727', 'champignon noir', 0, 'UNT00001', 1, 28, 1, 'champignon-noir.jpg', null, null, 0, 'CI00003');
	INSERT INTO AS_INGREDIENTS values ('INGS000730', 'lait', 0, 'UNT00004', 1, 3, 1, 'lait.jpg', null, null, 0, 'CI00001');
	INSERT INTO AS_INGREDIENTS values ('INGS000733', 'boulette de poisson', 0, 'UNT00005', 1, 229, 1, 'boulette-de-poisson.jpg', null, null, 0, 'CI00002');
	INSERT INTO AS_INGREDIENTS values ('INGS000738', 'Patsa mena', 0, 'UNT00001', 1, 33, 1, '', null, null, 0, 'CI00003');
	INSERT INTO AS_INGREDIENTS values ('INGS000741', 'moutarde', 0, 'UNT00001', 1, 9, 1, '', null, null, 0, 'CI00003');
	INSERT INTO AS_INGREDIENTS values ('INGS000742', 'persil voatetika', 0, 'UNT00001', 1, 8, 1, '', null, null, 0, 'CI00003');
	INSERT INTO AS_INGREDIENTS values ('INGS000743', 'kotomila voatetika', 0, 'UNT00001', 1, 11, 1, '', null, null, 0, 'CI00003');
	INSERT INTO AS_INGREDIENTS values ('INGS000746', 'atody', 0, '', 1, 350, 1, 'atody.jpg', null, null, 0, 'CI00004');
	INSERT INTO AS_INGREDIENTS values ('INGS000748', 'sauce soja light (rouge);', 0, 'UNT00004', 1, 16, 1, '', null, null, 0, 'CI00003');
	INSERT INTO AS_INGREDIENTS values ('INGS000749', 'girofle', 0, 'UNT00001', 1, 0, 1, '', null, null, 0, 'CI00003');
	INSERT INTO AS_INGREDIENTS values ('INGS000750', 'carry', 0, 'UNT00001', 1, 0, 1, '', null, null, 0, 'CI00003');
	INSERT INTO AS_INGREDIENTS values ('INGS000828', 'The', 0, 'UNT00005', 1, 0, 1, '', null, null, 0, 'CI00003');
	
	INSERT INTO AS_INGREDIENTS values ('INGS000829', 'farce van tan', 0, 'UNT00005', 1, 0, 1, 'farce-van-tan.jpg', null, null, 0, 'CI00007');
	INSERT INTO AS_INGREDIENTS values ('INGS000830', 'sauce aigre doux', 0, 'UNT00005', 1, 0, 1, 'sauce-aigre-doux.jpg', null, null, 0, 'CI00007');
	INSERT INTO AS_INGREDIENTS values ('INGS000831', 'sauce au champignon noir', 0, 'UNT00005', 1, 0, 1, 'sauce-au-champignon-noir.jpg', null, null, 0, 'CI00007');
	INSERT INTO AS_INGREDIENTS values ('INGS000832', 'mine', 0, 'UNT00005', 1, 0, 1, 'mine.jpg', null, null, 0, 'CI00007');
	INSERT INTO AS_INGREDIENTS values ('INGS000833', 'veloute de choux fleur', 0, 'UNT00005', 1, 0, 1, 'veloute-de-choux-fleur.jpg', null, null, 0, 'CI00007');
	INSERT INTO AS_INGREDIENTS values ('INGS000834', 'nem porc poisson', 0, 'UNT00005', 1, 0, 1, 'nem-porc-poisson.jpg', null, null, 0, 'CI00007');
	INSERT INTO AS_INGREDIENTS values ('INGS000835', 'nem porc', 0, 'UNT00005', 1, 0, 1, 'nem-porc.jpg', null, null, 0, 'CI00007');
	INSERT INTO AS_INGREDIENTS values ('INGS000836', 'nem poisson', 0, 'UNT00005', 1, 0, 1, 'nem-poisson.jpg', null, null, 0, 'CI00007');
	INSERT INTO AS_INGREDIENTS values ('INGS000837', 'farce poisson farci', 0, 'UNT00005', 1, 0, 1, 'farce-poisson-farci.jpg', null, null, 0, 'CI00007');
	INSERT INTO AS_INGREDIENTS values ('INGS000838', 'CREPE', 0, 'UNT00005', 1, 0, 1, 'CREPE.jpg', null, null, 0, 'CI00007');
	
	
	INSERT INTO AS_PRODUITS VALUES ('PRDTMP000079','SPAGETTI AUX FRUITS DE MER','SPAGETTI AUX FRUITS DE MER','SPAGETTI-AUX-FRUITS-DE-MER.jpg','ASTP000003',1,0,8000,null,null,10);
	INSERT INTO AS_PRODUITS VALUES ('PRDTMP000076','CANARD LAQUE','CANARD LAQUE','CANARD-LAQUE.jpg','ASTP000003',1,0,8000,null,null,10);
	INSERT INTO AS_PRODUITS values ('PRDTMP000044' , 'soupe van tan mine', 'soupe van tan mine', 'soupe-van-tan-mine.jpg', 'ASTP000001', 1, 0, 0, null, null, null);
	
	
	INSERT INTO AS_RECETTE VALUES ('RC00001', 'PRDTMP000010', 'INGS000647',250,'UNT00001');	--Hena omby ritra--
	INSERT INTO AS_RECETTE VALUES ('RC00002', 'PRDTMP000010', 'INGS000628',3.75,'UNT00001');
	INSERT INTO AS_RECETTE VALUES ('RC00003', 'PRDTMP000010', 'INGS000688',5,'UNT00001');
	INSERT INTO AS_RECETTE VALUES ('RC00004', 'PRDTMP000010', 'INGS000662',37.5,'UNT00001');
	INSERT INTO AS_RECETTE VALUES ('RC00005', 'PRDTMP000010', 'INGS000753',3.75,'UNT00001');
	INSERT INTO AS_RECETTE VALUES ('RC00007', 'PRDTMP000010', 'INGS000825',35.75,'UNT00001');
	
	INSERT INTO AS_RECETTE VALUES ('RC00008', 'PRDTMP000009', 'INGS000647',166.67,'UNT00001');	--HENA OMBY SY OVY SY PATSA--
	INSERT INTO AS_RECETTE VALUES ('RC00009', 'PRDTMP000009', 'INGS000719',166.67,'UNT00001');
	INSERT INTO AS_RECETTE VALUES ('RC00010', 'PRDTMP000009', 'INGS000617',25,'UNT00001');
	INSERT INTO AS_RECETTE VALUES ('RC00011', 'PRDTMP000009', 'INGS000662',8.33,'UNT00001');
	INSERT INTO AS_RECETTE VALUES ('RC00012', 'PRDTMP000009', 'INGS000738',4.17,'UNT00001');
	INSERT INTO AS_RECETTE VALUES ('RC00013', 'PRDTMP000009', 'INGS000624',0.17,'UNT00005');
	INSERT INTO AS_RECETTE VALUES ('RC00014', 'PRDTMP000009', 'INGS000628',2.5,'UNT00001');
	INSERT INTO AS_RECETTE VALUES ('RC00016', 'PRDTMP000009', 'INGS000825',23.83,'UNT00001');
	
	
	INSERT INTO AS_RECETTE VALUES ('RC00017', 'PRDTMP000039', 'INGS000724',125,'UNT00001');	--Khimo--
	INSERT INTO AS_RECETTE VALUES ('RC00018', 'PRDTMP000039', 'INGS000628',10,'UNT00001');
	INSERT INTO AS_RECETTE VALUES ('RC00019', 'PRDTMP000039', 'INGS000749',8,'UNT00001');
	INSERT INTO AS_RECETTE VALUES ('RC00020', 'PRDTMP000039', 'INGS000662',30,'UNT00001');
	INSERT INTO AS_RECETTE VALUES ('RC00021', 'PRDTMP000039', 'INGS000617',30,'UNT00001');
	INSERT INTO AS_RECETTE VALUES ('RC00022', 'PRDTMP000039', 'INGS000641',30,'UNT00001');
	INSERT INTO AS_RECETTE VALUES ('RC00023', 'PRDTMP000039', 'INGS000750',4,'UNT00001');
	INSERT INTO AS_RECETTE VALUES ('RC00024', 'PRDTMP000039', 'INGS000725',50,'UNT00001');
	INSERT INTO AS_RECETTE VALUES ('RC00026', 'PRDTMP000039', 'INGS000674',50,'UNT00004');
	INSERT INTO AS_RECETTE VALUES ('RC00027', 'PRDTMP000039', 'INGS000802',0.25,'UNT00005');
	
	
	
	INSERT INTO AS_RECETTE VALUES ('RC00028', 'PRDBS000T', 'INGS000828',1,'UNT00005');	--THE--
	
	
	INSERT INTO AS_RECETTE VALUES ('RC00029', 'PRDTMP000034', 'INGS000617',50,'UNT00001');	--rougail--
	INSERT INTO AS_RECETTE VALUES ('RC00030', 'PRDTMP000034', 'INGS000723',1.67,'UNT00001');
	INSERT INTO AS_RECETTE VALUES ('RC00031', 'PRDTMP000034', 'INGS000621',4,'UNT00001');
	INSERT INTO AS_RECETTE VALUES ('RC00032', 'PRDTMP000034', 'INGS000628',6,'UNT00001');
	INSERT INTO AS_RECETTE VALUES ('RC00033', 'PRDTMP000034', 'INGS000753',1.33,'UNT00001');
	INSERT INTO AS_RECETTE VALUES ('RC00034', 'PRDTMP000034', 'INGS000674',5,'UNT00004');
	
	
	INSERT INTO AS_RECETTE VALUES ('RC00035', 'PRDTMP000032', 'INGS000674',30,'UNT00004');	--Riz cantonnais--
	INSERT INTO AS_RECETTE VALUES ('RC00036', 'PRDTMP000032', 'INGS000659',125,'UNT00001');
	INSERT INTO AS_RECETTE VALUES ('RC00037', 'PRDTMP000032', 'INGS000643',30,'UNT00001');
	INSERT INTO AS_RECETTE VALUES ('RC00038', 'PRDTMP000032', 'INGS000686',30,'UNT00001');
	INSERT INTO AS_RECETTE VALUES ('RC00039', 'PRDTMP000032', 'INGS000662',15,'UNT00001');
	INSERT INTO AS_RECETTE VALUES ('RC00040', 'PRDTMP000032', 'INGS000680',15,'UNT00001');
	INSERT INTO AS_RECETTE VALUES ('RC00041', 'PRDTMP000032', 'INGS000727',25,'UNT00001');
	INSERT INTO AS_RECETTE VALUES ('RC00042', 'PRDTMP000032', 'INGS000629',30,'UNT00004');
	INSERT INTO AS_RECETTE VALUES ('RC00043', 'PRDTMP000032', 'INGS000618',8,'UNT00004');
	INSERT INTO AS_RECETTE VALUES ('RC00044', 'PRDTMP000032', 'INGS000683',350,'UNT00001');
	INSERT INTO AS_RECETTE VALUES ('RC00045', 'PRDTMP000032', 'INGS000746',0.5,'UNT00005');
	INSERT INTO AS_RECETTE VALUES ('RC00046', 'PRDTMP000032', 'INGS000640',20,'UNT00001');
	INSERT INTO AS_RECETTE VALUES ('RC00047', 'PRDTMP000032', 'INGS000797',5,'UNT00001');
	
	
	INSERT INTO AS_RECETTE VALUES ('RC00048', 'PRDTMP000033', 'INGS000683',140,'UNT00001');	--bol renverse--
	INSERT INTO AS_RECETTE VALUES ('RC00049', 'PRDTMP000033', 'INGS000810',15,'UNT00001');
	INSERT INTO AS_RECETTE VALUES ('RC00050', 'PRDTMP000033', 'INGS000661',20,'UNT00001');
	INSERT INTO AS_RECETTE VALUES ('RC00051', 'PRDTMP000033', 'INGS000643',20,'UNT00001');
	INSERT INTO AS_RECETTE VALUES ('RC00052', 'PRDTMP000033', 'INGS000686',20,'UNT00001');
	INSERT INTO AS_RECETTE VALUES ('RC00053', 'PRDTMP000033', 'INGS000721',15,'UNT00001');
	INSERT INTO AS_RECETTE VALUES ('RC00054', 'PRDTMP000033', 'INGS000662',40,'UNT00001');
	INSERT INTO AS_RECETTE VALUES ('RC00055', 'PRDTMP000033', 'INGS000688',6,'UNT00001');
	INSERT INTO AS_RECETTE VALUES ('RC00056', 'PRDTMP000033', 'INGS000640',80,'UNT00001');
	INSERT INTO AS_RECETTE VALUES ('RC00057', 'PRDTMP000033', 'INGS000674',60,'UNT00004');
	INSERT INTO AS_RECETTE VALUES ('RC00058', 'PRDTMP000033', 'INGS000629',30,'UNT00004');
	INSERT INTO AS_RECETTE VALUES ('RC00059', 'PRDTMP000033', 'INGS000618',15,'UNT00004');
	INSERT INTO AS_RECETTE VALUES ('RC00060', 'PRDTMP000033', 'INGS000715',4,'UNT00001');
	INSERT INTO AS_RECETTE VALUES ('RC00061', 'PRDTMP000033', 'INGS000705',10,'UNT00001');
	INSERT INTO AS_RECETTE VALUES ('RC00063', 'PRDTMP000033', 'INGS000746',1,'UNT00005');
	INSERT INTO AS_RECETTE VALUES ('RC00064', 'PRDTMP000033', 'INGS000727',20,'UNT00001');
	
	
	
	INSERT INTO AS_RECETTE VALUES ('RC00065', 'PRDTMP000006', 'INGS000696',12.5,'UNT00001');	--boulette de poisson--
	INSERT INTO AS_RECETTE VALUES ('RC00066', 'PRDTMP000006', 'INGS000628',0.125,'UNT00001');
	INSERT INTO AS_RECETTE VALUES ('RC00067', 'PRDTMP000006', 'INGS000746',0.25,'UNT00005');
	INSERT INTO AS_RECETTE VALUES ('RC00068', 'PRDTMP000006', 'INGS000621',8,'UNT00001');
	INSERT INTO AS_RECETTE VALUES ('RC00069', 'PRDTMP000006', 'INGS000752',12,'UNT00001');
	INSERT INTO AS_RECETTE VALUES ('RC00070', 'PRDTMP000006', 'INGS000657',0.1875,'UNT00001');
	INSERT INTO AS_RECETTE VALUES ('RC00071', 'PRDTMP000006', 'INGS000629',0.75,'UNT00001');
	INSERT INTO AS_RECETTE VALUES ('RC00072', 'PRDTMP000006', 'INGS000715',1.625,'UNT00001');
	INSERT INTO AS_RECETTE VALUES ('RC00074', 'PRDTMP000006', 'INGS000688',0.1875,'UNT00001');
	INSERT INTO AS_RECETTE VALUES ('RC00075', 'PRDTMP000006', 'INGS000624',0.0125,'UNT00005');
	
	
	
	INSERT INTO AS_RECETTE VALUES ('RC00076', 'PRDTMP000028', 'INGS000662',15,'UNT00001');	--Legume Sautes--
	INSERT INTO AS_RECETTE VALUES ('RC00077', 'PRDTMP000028', 'INGS000686',70,'UNT00001');
	INSERT INTO AS_RECETTE VALUES ('RC00078', 'PRDTMP000028', 'INGS000643',80,'UNT00001');
	INSERT INTO AS_RECETTE VALUES ('RC00079', 'PRDTMP000028', 'INGS000688',3,'UNT00001');
	INSERT INTO AS_RECETTE VALUES ('RC00080', 'PRDTMP000028', 'INGS000661',90,'UNT00001');
	INSERT INTO AS_RECETTE VALUES ('RC00081', 'PRDTMP000028', 'INGS000680',30,'UNT00001');
	INSERT INTO AS_RECETTE VALUES ('RC00084', 'PRDTMP000028', 'INGS000621',2,'UNT00001');
	INSERT INTO AS_RECETTE VALUES ('RC00085', 'PRDTMP000028', 'INGS000624',1,'UNT00005');
	INSERT INTO AS_RECETTE VALUES ('RC00086', 'PRDTMP000028', 'INGS000629',15,'UNT00004');
	INSERT INTO AS_RECETTE VALUES ('RC00087', 'PRDTMP000028', 'INGS000705',10,'UNT00001');
	
	
	
	INSERT INTO AS_RECETTE VALUES ('RC00088', 'PRDTMP000035', 'INGS000662',200,'UNT00001');	--Oignon pane--
	INSERT INTO AS_RECETTE VALUES ('RC00089', 'PRDTMP000035', 'INGS000751',70,'UNT00001');
	INSERT INTO AS_RECETTE VALUES ('RC00090', 'PRDTMP000035', 'INGS000628',6,'UNT00001');
	INSERT INTO AS_RECETTE VALUES ('RC00091', 'PRDTMP000035', 'INGS000741',15,'UNT00001');
	INSERT INTO AS_RECETTE VALUES ('RC00092', 'PRDTMP000035', 'INGS000624',1,'UNT00005');
	INSERT INTO AS_RECETTE VALUES ('RC00093', 'PRDTMP000035', 'INGS000722',5,'UNT00004');
	INSERT INTO AS_RECETTE VALUES ('RC00094', 'PRDTMP000035', 'INGS000746',1,'UNT00005');
	INSERT INTO AS_RECETTE VALUES ('RC00095', 'PRDTMP000035', 'INGS000621',4,'UNT00001');
	INSERT INTO AS_RECETTE VALUES ('RC00096', 'PRDTMP000035', 'INGS000656',100,'UNT00001');
	
	
	INSERT INTO AS_RECETTE VALUES ('RC00097', 'ASP000146', 'INGS000659',50,'UNT00001');	--Salade exotique--
	INSERT INTO AS_RECETTE VALUES ('RC00098', 'ASP000146', 'INGS000766',60,'UNT00001');
	INSERT INTO AS_RECETTE VALUES ('RC00099', 'ASP000146', 'INGS000796',60,'UNT00001');
	INSERT INTO AS_RECETTE VALUES ('RC00100', 'ASP000146', 'INGS000617',20,'UNT00001');
	INSERT INTO AS_RECETTE VALUES ('RC00101', 'ASP000146', 'INGS000810',15,'UNT00001');
	INSERT INTO AS_RECETTE VALUES ('RC00102', 'ASP000146', 'INGS000705',3,'UNT00001');
	INSERT INTO AS_RECETTE VALUES ('RC00103', 'ASP000146', 'INGS000662',15,'UNT00001');
	INSERT INTO AS_RECETTE VALUES ('RC00104', 'ASP000146', 'INGS000693',15,'UNT00004');
	INSERT INTO AS_RECETTE VALUES ('RC00105', 'ASP000146', 'INGS000621',4,'UNT00001');
	INSERT INTO AS_RECETTE VALUES ('RC00106', 'ASP000146', 'INGS000628',4,'UNT00001');
	INSERT INTO AS_RECETTE VALUES ('RC00107', 'ASP000146', 'INGS000722',2.5,'UNT00001');
	INSERT INTO AS_RECETTE VALUES ('RC00108', 'ASP000146', 'INGS000804',3,'UNT00005');
	INSERT INTO AS_RECETTE VALUES ('RC00109', 'ASP000146', 'INGS000687',5,'UNT00001');
	
	
	INSERT INTO AS_RECETTE VALUES ('RC00110', 'INGS000835', 'INGS000645',33.33,'UNT00001');	--Nem Porc--
	INSERT INTO AS_RECETTE VALUES ('RC00111', 'INGS000835', 'INGS000687',0.33,'UNT00001');
	INSERT INTO AS_RECETTE VALUES ('RC00112', 'INGS000835', 'INGS000775',0.33,'UNT00001');
	INSERT INTO AS_RECETTE VALUES ('RC00113', 'INGS000835', 'INGS000628',12,'UNT00001');
	INSERT INTO AS_RECETTE VALUES ('RC00114', 'INGS000835', 'INGS000624',0.033,'UNT00005');
	INSERT INTO AS_RECETTE VALUES ('RC00115', 'INGS000835', 'INGS000629',2,'UNT00004');
	INSERT INTO AS_RECETTE VALUES ('RC00116', 'INGS000835', 'INGS000715',4,'UNT00001');
	INSERT INTO AS_RECETTE VALUES ('RC00117', 'INGS000835', 'INGS000746',0.066,'UNT00005');
	INSERT INTO AS_RECETTE VALUES ('RC00118', 'INGS000835', 'INGS000714',3.33,'UNT00001');
	INSERT INTO AS_RECETTE VALUES ('RC00119', 'INGS000835', 'INGS000727',2,'UNT00001');
	
	
	INSERT INTO AS_RECETTE VALUES ('RC00120', 'INGS000836', 'INGS000696',33.33,'UNT00001');	--Nem Poisson--
	INSERT INTO AS_RECETTE VALUES ('RC00121', 'INGS000836', 'INGS000687',0.33,'UNT00001');
	INSERT INTO AS_RECETTE VALUES ('RC00122', 'INGS000836', 'INGS000775',0.33,'UNT00001');
	INSERT INTO AS_RECETTE VALUES ('RC00123', 'INGS000836', 'INGS000628',12,'UNT00001');
	INSERT INTO AS_RECETTE VALUES ('RC00124', 'INGS000836', 'INGS000624',0.033,'UNT00005');
	INSERT INTO AS_RECETTE VALUES ('RC00125', 'INGS000836', 'INGS000629',2,'UNT00004');
	INSERT INTO AS_RECETTE VALUES ('RC00126', 'INGS000836', 'INGS000715',4,'UNT00001');
	INSERT INTO AS_RECETTE VALUES ('RC00127', 'INGS000836', 'INGS000746',0.066,'UNT00005');
	INSERT INTO AS_RECETTE VALUES ('RC00128', 'INGS000836', 'INGS000714',3.33,'UNT00001');
	INSERT INTO AS_RECETTE VALUES ('RC00129', 'INGS000836', 'INGS000727',2,'UNT00001');
	
	
	INSERT INTO AS_RECETTE VALUES ('RC00130', 'INGS000834', 'INGS000696',33.33,'UNT00001');	--Nem Porc Poisson--
	INSERT INTO AS_RECETTE VALUES ('RC00131', 'INGS000834', 'INGS000645',33.33,'UNT00001');
	INSERT INTO AS_RECETTE VALUES ('RC00132', 'INGS000834', 'INGS000687',0.33,'UNT00001');
	INSERT INTO AS_RECETTE VALUES ('RC00133', 'INGS000834', 'INGS000775',0.33,'UNT00001');
	INSERT INTO AS_RECETTE VALUES ('RC00134', 'INGS000834', 'INGS000628',12,'UNT00001');
	INSERT INTO AS_RECETTE VALUES ('RC00135', 'INGS000834', 'INGS000624',0.033,'UNT00005');
	INSERT INTO AS_RECETTE VALUES ('RC00136', 'INGS000834', 'INGS000629',2,'UNT00004');
	INSERT INTO AS_RECETTE VALUES ('RC00137', 'INGS000834', 'INGS000715',4,'UNT00001');
	INSERT INTO AS_RECETTE VALUES ('RC00138', 'INGS000834', 'INGS000746',0.066,'UNT00005');
	INSERT INTO AS_RECETTE VALUES ('RC00139', 'INGS000834', 'INGS000714',3.33,'UNT00001');
	INSERT INTO AS_RECETTE VALUES ('RC00140', 'INGS000834', 'INGS000727',2,'UNT00001');
	
	
	INSERT INTO AS_RECETTE VALUES ('RC00141', 'PRDTMP000079', 'INGS000702',30,'UNT00001'); -- SPAGETTI-AUX-FRUITS-DE-MER --
	INSERT INTO AS_RECETTE VALUES ('RC00142', 'PRDTMP000079', 'INGS000678',35,'UNT00001');
	INSERT INTO AS_RECETTE VALUES ('RC00143', 'PRDTMP000079', 'INGS000771',35,'UNT00001');
	INSERT INTO AS_RECETTE VALUES ('RC00144', 'PRDTMP000079', 'INGS000699',125,'UNT00001');
	INSERT INTO AS_RECETTE VALUES ('RC00145', 'PRDTMP000079', 'INGS000630',40,'UNT00001');
	INSERT INTO AS_RECETTE VALUES ('RC00146', 'PRDTMP000079', 'INGS000662',25,'UNT00001');
	INSERT INTO AS_RECETTE VALUES ('RC00147', 'PRDTMP000079', 'INGS000688',4,'UNT00001');
	INSERT INTO AS_RECETTE VALUES ('RC00148', 'PRDTMP000079', 'INGS000705',12,'UNT00001');
	INSERT INTO AS_RECETTE VALUES ('RC00149', 'PRDTMP000079', 'INGS000624',1,'UNT00005');
	INSERT INTO AS_RECETTE VALUES ('RC00150', 'PRDTMP000079', 'INGS000754',10,'UNT00004');
	INSERT INTO AS_RECETTE VALUES ('RC00151', 'PRDTMP000079', 'INGS000730',180,'UNT00004');
	INSERT INTO AS_RECETTE VALUES ('RC00152', 'PRDTMP000079', 'INGS000676',90,'UNT00004');
	INSERT INTO AS_RECETTE VALUES ('RC00153', 'PRDTMP000079', 'INGS000674',23,'UNT00004');
	INSERT INTO AS_RECETTE VALUES ('RC00154', 'PRDTMP000079', 'INGS000628',4,'UNT00001');
	INSERT INTO AS_RECETTE VALUES ('RC00155', 'PRDTMP000079', 'INGS000621',6,'UNT00001');
	INSERT INTO AS_RECETTE VALUES ('RC00156', 'PRDTMP000079', 'INGS000746',1,'UNT00005');
	
	
	
	INSERT INTO AS_RECETTE VALUES ('RC00157', 'INGS000833', 'INGS000681',150,'UNT00001'); -- VELOUTE-DE-CHOUX-FLEUR --
	INSERT INTO AS_RECETTE VALUES ('RC00158', 'INGS000833', 'INGS000725',50,'UNT00001');
	INSERT INTO AS_RECETTE VALUES ('RC00160', 'INGS000833', 'INGS000624',1,'UNT00005');
	INSERT INTO AS_RECETTE VALUES ('RC00161', 'INGS000833', 'INGS000621',4,'UNT00001');
	INSERT INTO AS_RECETTE VALUES ('RC00162', 'INGS000833', 'INGS000628',2,'UNT00001');
	INSERT INTO AS_RECETTE VALUES ('RC00163', 'INGS000833', 'INGS000780',300,'UNT00004');
	INSERT INTO AS_RECETTE VALUES ('RC00164', 'INGS000833', 'INGS000642',50,'UNT00001');
	INSERT INTO AS_RECETTE VALUES ('RC00165', 'INGS000833', 'INGS000674',3,'UNT00004');
	INSERT INTO AS_RECETTE VALUES ('RC00166', 'INGS000833', 'INGS000802',0.25,'UNT00005');
	
	
	
	INSERT INTO AS_RECETTE VALUES ('RC00167', 'INGS000669', 'INGS000662',60,'UNT00001'); -- SAUCE-TOMATE --
	INSERT INTO AS_RECETTE VALUES ('RC00168', 'INGS000669', 'INGS000688',30,'UNT00001');
	INSERT INTO AS_RECETTE VALUES ('RC00169', 'INGS000669', 'INGS000634',5,'UNT00005');
	INSERT INTO AS_RECETTE VALUES ('RC00170', 'INGS000669', 'INGS000822',4,'UNT00005');
	INSERT INTO AS_RECETTE VALUES ('RC00171', 'INGS000669', 'INGS000787',5,'UNT00001');
	INSERT INTO AS_RECETTE VALUES ('RC00172', 'INGS000669', 'INGS000628',2.5,'UNT00001');
	INSERT INTO AS_RECETTE VALUES ('RC00173', 'INGS000669', 'INGS000622',5,'UNT00001');
	INSERT INTO AS_RECETTE VALUES ('RC00174', 'INGS000669', 'INGS000617',1000,'UNT00001');
	INSERT INTO AS_RECETTE VALUES ('RC00176', 'INGS000669', 'INGS000758',45,'UNT00004');
	
	
	
	INSERT INTO AS_RECETTE VALUES ('RC00177', 'PRDTMP000076', 'INGS000772',2000,'UNT00001'); -- CANARD-LAQUE --
	INSERT INTO AS_RECETTE VALUES ('RC00178', 'PRDTMP000076', 'INGS000629',15,'UNT00004');
	INSERT INTO AS_RECETTE VALUES ('RC00179', 'PRDTMP000076', 'INGS000666',125,'UNT00004');
	INSERT INTO AS_RECETTE VALUES ('RC00180', 'PRDTMP000076', 'INGS000621',6,'UNT00001');
	INSERT INTO AS_RECETTE VALUES ('RC00181', 'PRDTMP000076', 'INGS000628',4,'UNT00001');
	INSERT INTO AS_RECETTE VALUES ('RC00182', 'PRDTMP000076', 'INGS000688',10,'UNT00001');
	INSERT INTO AS_RECETTE VALUES ('RC00183', 'PRDTMP000076', 'INGS000822',4,'UNT00001');
	INSERT INTO AS_RECETTE VALUES ('RC00184', 'PRDTMP000076', 'INGS000815',30,'UNT00004');
	INSERT INTO AS_RECETTE VALUES ('RC00185', 'PRDTMP000076', 'INGS000827',4,'UNT00001');
	
	
	
	INSERT INTO AS_RECETTE VALUES ('RC00186', 'INGS000832', 'INGS000751',1000,'UNT00001'); -- MINE --
	INSERT INTO AS_RECETTE VALUES ('RC00187', 'INGS000832', 'INGS000746',2,'UNT00005');
	
	
	INSERT INTO AS_RECETTE VALUES ('RC00188', 'INGS000659', 'INGS000659',150,'UNT00001'); -- BLANC-DE-POULET --
	INSERT INTO AS_RECETTE VALUES ('RC00189', 'INGS000659', 'INGS000628',2,'UNT00001');
	INSERT INTO AS_RECETTE VALUES ('RC00190', 'INGS000659', 'INGS000621',2,'UNT00001');
	INSERT INTO AS_RECETTE VALUES ('RC00191', 'INGS000659', 'INGS000688',5,'UNT00001');
	INSERT INTO AS_RECETTE VALUES ('RC00192', 'INGS000659', 'INGS000753',2.5,'UNT00001');
	INSERT INTO AS_RECETTE VALUES ('RC00193', 'INGS000659', 'INGS000629',8,'UNT00001');
	
	
	INSERT INTO AS_RECETTE VALUES ('RC00194', 'INGS000824', 'INGS000751',7.125,'UNT00001'); -- VAN-TAN --
	INSERT INTO AS_RECETTE VALUES ('RC00195', 'INGS000824', 'INGS000746',0.0625,'UNT00005');
	
	
	
	INSERT INTO AS_RECETTE VALUES ('RC00197', 'INGS000629', 'INGS000674',45,'UNT00004'); -- SAUCE-D-HUITRE --
	INSERT INTO AS_RECETTE VALUES ('RC00198', 'INGS000629', 'INGS000662',15,'UNT00001');
	INSERT INTO AS_RECETTE VALUES ('RC00199', 'INGS000629', 'INGS000688',5,'UNT00001');
	INSERT INTO AS_RECETTE VALUES ('RC00201', 'INGS000629', 'INGS000715',2,'UNT00001');
	INSERT INTO AS_RECETTE VALUES ('RC00202', 'INGS000629', 'INGS000629',25,'UNT00004');
	INSERT INTO AS_RECETTE VALUES ('RC00203', 'INGS000629', 'INGS000622',2,'UNT00001');
	INSERT INTO AS_RECETTE VALUES ('RC00204', 'INGS000629', 'INGS000687',5,'UNT00001');
	
	
	
	INSERT INTO AS_RECETTE VALUES ('RC00205', 'INGS000831', 'INGS000674',45,'UNT00004'); -- SAUCE-AU-CHAMPIGNON-NOIR --
	INSERT INTO AS_RECETTE VALUES ('RC00206', 'INGS000831', 'INGS000662',15,'UNT00001');
	INSERT INTO AS_RECETTE VALUES ('RC00207', 'INGS000831', 'INGS000727',30,'UNT00001');
	INSERT INTO AS_RECETTE VALUES ('RC00208', 'INGS000831', 'INGS000688',15,'UNT00001');
	INSERT INTO AS_RECETTE VALUES ('RC00210', 'INGS000831', 'INGS000715',2,'UNT00001');
	INSERT INTO AS_RECETTE VALUES ('RC00211', 'INGS000831', 'INGS000676',30,'UNT00004');
	INSERT INTO AS_RECETTE VALUES ('RC00212', 'INGS000831', 'INGS000629',15,'UNT00004');
	
	
	INSERT INTO AS_RECETTE VALUES ('RC00213', 'INGS000830', 'INGS000630',10,'UNT00001'); -- SAUCE-AIGRE-DOUX --
	INSERT INTO AS_RECETTE VALUES ('RC00214', 'INGS000830', 'INGS000662',6.67,'UNT00001');
	INSERT INTO AS_RECETTE VALUES ('RC00215', 'INGS000830', 'INGS000686',6.67,'UNT00001');
	INSERT INTO AS_RECETTE VALUES ('RC00216', 'INGS000830', 'INGS000753',8.33,'UNT00001');
	INSERT INTO AS_RECETTE VALUES ('RC00217', 'INGS000830', 'INGS000669',20,'UNT00004');
	INSERT INTO AS_RECETTE VALUES ('RC00219', 'INGS000830', 'INGS000754',10,'UNT00004');
	INSERT INTO AS_RECETTE VALUES ('RC00220', 'INGS000830', 'INGS000693',20,'UNT00004');
	INSERT INTO AS_RECETTE VALUES ('RC00221', 'INGS000830', 'INGS000666',20,'UNT00004');
	INSERT INTO AS_RECETTE VALUES ('RC00222', 'INGS000830', 'INGS000629',1.67,'UNT00004');
	
	
	
	INSERT INTO AS_RECETTE VALUES ('RC00223', 'INGS000770', 'INGS000645',40,'UNT00001'); -- BOULETTE-DE-PORC --
	INSERT INTO AS_RECETTE VALUES ('RC00224', 'INGS000770', 'INGS000715',6,'UNT00001');
	INSERT INTO AS_RECETTE VALUES ('RC00225', 'INGS000770', 'INGS000746',0.08,'UNT00005');
	INSERT INTO AS_RECETTE VALUES ('RC00226', 'INGS000770', 'INGS000628',0.4,'UNT00001');
	INSERT INTO AS_RECETTE VALUES ('RC00227', 'INGS000770', 'INGS000621',0.32,'UNT00001');
	INSERT INTO AS_RECETTE VALUES ('RC00228', 'INGS000770', 'INGS000688',0.6,'UNT00001');
	INSERT INTO AS_RECETTE VALUES ('RC00229', 'INGS000770', 'INGS000752',0.48,'UNT00001');
	INSERT INTO AS_RECETTE VALUES ('RC00230', 'INGS000770', 'INGS000635',0.01,'UNT00005');
	INSERT INTO AS_RECETTE VALUES ('RC00231', 'INGS000770', 'INGS000657',1,'UNT00001');
	INSERT INTO AS_RECETTE VALUES ('RC00232', 'INGS000770', 'INGS000622',0.8,'UNT00001');
	INSERT INTO AS_RECETTE VALUES ('RC00233', 'INGS000770', 'INGS000622',2.4,'UNT00001');
	
	
	INSERT INTO AS_RECETTE VALUES ('RC00235', 'INGS000829', 'INGS000645',1000,'UNT00001'); -- FARCE-VAN-TAN --
	INSERT INTO AS_RECETTE VALUES ('RC00236', 'INGS000829', 'INGS000715',150,'UNT00001');
	INSERT INTO AS_RECETTE VALUES ('RC00237', 'INGS000829', 'INGS000746',2,'UNT00005');
	INSERT INTO AS_RECETTE VALUES ('RC00238', 'INGS000829', 'INGS000628',10,'UNT00001');
	INSERT INTO AS_RECETTE VALUES ('RC00239', 'INGS000829', 'INGS000621',0.32,'UNT00001');
	INSERT INTO AS_RECETTE VALUES ('RC00240', 'INGS000829', 'INGS000688',0.6,'UNT00001');
	INSERT INTO AS_RECETTE VALUES ('RC00241', 'INGS000829', 'INGS000752',12,'UNT00001');
	INSERT INTO AS_RECETTE VALUES ('RC00242', 'INGS000829', 'INGS000635',0.25,'UNT00005');
	INSERT INTO AS_RECETTE VALUES ('RC00243', 'INGS000829', 'INGS000657',25,'UNT00001');
	INSERT INTO AS_RECETTE VALUES ('RC00244', 'INGS000829', 'INGS000622',20,'UNT00001');
	INSERT INTO AS_RECETTE VALUES ('RC00245', 'INGS000829', 'INGS000622',60,'UNT00001');
	
	--soupe van tan mine--
	INSERT INTO AS_RECETTE values ('RC00247', 'PRDTMP000044', 'INGS000811', 50, 'UNT00001');
	INSERT INTO AS_RECETTE values ('RC00248', 'PRDTMP000044', 'INGS000820', 50, 'UNT00001');
	INSERT INTO AS_RECETTE values ('RC00252', 'PRDTMP000044', 'INGS000808', 33.333, 'UNT00001');
	INSERT INTO AS_RECETTE values ('RC00253', 'PRDTMP000044', 'INGS000727', 3.333, 'UNT00001');
	INSERT INTO AS_RECETTE values ('RC00254', 'PRDTMP000044', 'INGS000721', 0.833, 'UNT00001');
	INSERT INTO AS_RECETTE values ('RC00255', 'PRDTMP000044', 'INGS000629', 0.83, 'UNT00004');--cuillere--
	INSERT INTO AS_RECETTE values ('RC00256', 'PRDTMP000044', 'INGS000622', 0.415, 'UNT00004');--cuillere--
	INSERT INTO AS_RECETTE values ('RC00257', 'PRDTMP000044', 'INGS000621', 0.332, 'UNT00001');--pince--
	INSERT INTO AS_RECETTE values ('RC00258', 'PRDTMP000044', 'INGS000801', 0.332, 'UNT00001');--pince--
	INSERT INTO AS_RECETTE values ('RC00259', 'PRDTMP000044', 'INGS000807', 16.66, 'UNT00001');
	INSERT INTO AS_RECETTE values ('RC00260', 'PRDTMP000044', 'INGS000792', 6.66, 'UNT00001');
	INSERT INTO AS_RECETTE values ('RC00261', 'PRDTMP000044', 'INGS000733', 0.33, 'UNT00005');--PCES--
	INSERT INTO AS_RECETTE values ('RC00262', 'PRDTMP000044', 'INGS000793', 0.555, 'UNT00001');
	INSERT INTO AS_RECETTE values ('RC00263', 'PRDTMP000044', 'INGS000824', 1, 'UNT00005');--PCES--
	INSERT INTO AS_RECETTE values ('RC00264', 'PRDTMP000044', 'INGS000805', 1.66, 'UNT00001');
	INSERT INTO AS_RECETTE values ('RC00265', 'PRDTMP000044', 'INGS000775', 0.166, 'UNT00001');
	INSERT INTO AS_RECETTE values ('RC00266', 'PRDTMP000044', 'INGS000784', 2, 'UNT00005');--autre--
	INSERT INTO AS_RECETTE values ('RC00267', 'PRDTMP000044', 'INGS000678', 10, 'UNT00001');

	--TSA SIOU--
	INSERT INTO AS_RECETTE values ('RC00278', 'INGS000640', 'INGS000645', 150, 'UNT00001');
	INSERT INTO AS_RECETTE values ('RC00279', 'INGS000640', 'INGS000666', 45, 'UNT00004');
	INSERT INTO AS_RECETTE values ('RC00280', 'INGS000640', 'INGS000618', 15, 'UNT00004');
	INSERT INTO AS_RECETTE values ('RC00281', 'INGS000640', 'INGS000629', 15, 'UNT00004');
	INSERT INTO AS_RECETTE values ('RC00282', 'INGS000640', 'INGS000761', 4, 'UNT00001');--pince--
	INSERT INTO AS_RECETTE values ('RC00283', 'INGS000640', 'INGS000621', 2, 'UNT00001');--pince--
	INSERT INTO AS_RECETTE values ('RC00284', 'INGS000640', 'INGS000688', 5, 'UNT00001');
	INSERT INTO AS_RECETTE values ('RC00285', 'INGS000640', 'INGS000698', 5, 'UNT00001');
	INSERT INTO AS_RECETTE values ('RC00286', 'INGS000640', 'INGS000815', 15, 'UNT00004');
	INSERT INTO AS_RECETTE values ('RC00287', 'INGS000640', 'INGS000628', 6, 'UNT00001');--pince--

	--PHO--
	INSERT INTO AS_RECETTE values ('RC00289', 'PRDTMP000001', 'INGS000821', 100, 'UNT00001');
	INSERT INTO AS_RECETTE values ('RC00290', 'PRDTMP000001', 'INGS000647', 200, 'UNT00001');
	INSERT INTO AS_RECETTE values ('RC00291', 'PRDTMP000001', 'INGS000624', 0.4, 'UNT00005');--cube--
	INSERT INTO AS_RECETTE values ('RC00292', 'PRDTMP000001', 'INGS000662', 20, 'UNT00001');
	INSERT INTO AS_RECETTE values ('RC00293', 'PRDTMP000001', 'INGS000753', 20, 'UNT00001');
	INSERT INTO AS_RECETTE values ('RC00294', 'PRDTMP000001', 'INGS000786', 2.1, 'UNT00001');
	INSERT INTO AS_RECETTE values ('RC00295', 'PRDTMP000001', 'INGS000690', 2.4, 'UNT00001');
	INSERT INTO AS_RECETTE values ('RC00296', 'PRDTMP000001', 'INGS000774', 2, 'UNT00001');
	INSERT INTO AS_RECETTE values ('RC00297', 'PRDTMP000001', 'INGS000768', 2, 'UNT00001');
	INSERT INTO AS_RECETTE values ('RC00298', 'PRDTMP000001', 'INGS000773', 3, 'UNT00001');
	INSERT INTO AS_RECETTE values ('RC00299', 'PRDTMP000001', 'INGS000781', 0.5, 'UNT00005');--unite--
	INSERT INTO AS_RECETTE values ('RC00300', 'PRDTMP000001', 'INGS000794', 2, 'UNT00001');
	INSERT INTO AS_RECETTE values ('RC00301', 'PRDTMP000001', 'INGS000809', 10, 'UNT00001');
	INSERT INTO AS_RECETTE values ('RC00302', 'PRDTMP000001', 'INGS000824', 0.4, 'UNT00005');--unite--
	INSERT INTO AS_RECETTE values ('RC00303', 'PRDTMP000001', 'INGS000733', 0.4, 'UNT00005');--unite--
	INSERT INTO AS_RECETTE values ('RC00304', 'PRDTMP000001', 'INGS000812', 1, 'UNT00001');
	INSERT INTO AS_RECETTE values ('RC00305', 'PRDTMP000001', 'INGS000687', 1, 'UNT00001');
	INSERT INTO AS_RECETTE values ('RC00306', 'PRDTMP000001', 'INGS000776', 1, 'UNT00001');

	--NEM AUX FRUITS DE MER--
	INSERT INTO AS_RECETTE values ('RC00307', 'PRDTMP000036', 'INGS000684', 15.625, 'UNT00001');
	INSERT INTO AS_RECETTE values ('RC00308', 'PRDTMP000036', 'INGS000628', 0.25, 'UNT00001');--pince--
	INSERT INTO AS_RECETTE values ('RC00309', 'PRDTMP000036', 'INGS000621', 0.25, 'UNT00001');--pince--
	INSERT INTO AS_RECETTE values ('RC00310', 'PRDTMP000036', 'INGS000746', 0.0625, 'UNT00005');--autre--
	INSERT INTO AS_RECETTE values ('RC00311', 'PRDTMP000036', 'INGS000715', 1.25, 'UNT00001');
	INSERT INTO AS_RECETTE values ('RC00312', 'PRDTMP000036', 'INGS000629', 0.9375, 'UNT00004');
	INSERT INTO AS_RECETTE values ('RC00313', 'PRDTMP000036', 'INGS000752', 0.375, 'UNT00001');--pince--
	INSERT INTO AS_RECETTE values ('RC00314', 'PRDTMP000036', 'INGS000657', 0.3125, 'UNT00001');
	INSERT INTO AS_RECETTE values ('RC00316', 'PRDTMP000036', 'INGS000702', 0.4883, 'UNT00001');
	INSERT INTO AS_RECETTE values ('RC00317', 'PRDTMP000036', 'INGS000696', 18.75, 'UNT00001');
	INSERT INTO AS_RECETTE values ('RC00318', 'PRDTMP000036', 'INGS000628', 0.25, 'UNT00001');--pince--
	INSERT INTO AS_RECETTE values ('RC00319', 'PRDTMP000036', 'INGS000621', 0.25, 'UNT00001');--pince--
	INSERT INTO AS_RECETTE values ('RC00320', 'PRDTMP000036', 'INGS000746', 0.0625, 'UNT00005');--autre--
	INSERT INTO AS_RECETTE values ('RC00321', 'PRDTMP000036', 'INGS000715', 1.25, 'UNT00001');
	INSERT INTO AS_RECETTE values ('RC00322', 'PRDTMP000036', 'INGS000629', 0.9375, 'UNT00004');
	INSERT INTO AS_RECETTE values ('RC00323', 'PRDTMP000036', 'INGS000752', 0.375, 'UNT00001');--pince--
	INSERT INTO AS_RECETTE values ('RC00324', 'PRDTMP000036', 'INGS000657', 0.3125, 'UNT00001');
	INSERT INTO AS_RECETTE values ('RC00326', 'PRDTMP000036', 'INGS000662', 8.4375, 'UNT00001');
	INSERT INTO AS_RECETTE values ('RC00327', 'PRDTMP000036', 'INGS000727', 5, 'UNT00001');
	INSERT INTO AS_RECETTE values ('RC00328', 'PRDTMP000036', 'INGS000714', 5.625, 'UNT00001');
	INSERT INTO AS_RECETTE values ('RC00329', 'PRDTMP000036', 'INGS000687', 1.875, 'UNT00001');
	INSERT INTO AS_RECETTE values ('RC00330', 'PRDTMP000036', 'INGS000618', 0.9375, 'UNT00004');
	INSERT INTO AS_RECETTE values ('RC00331', 'PRDTMP000036', 'INGS000639', 1, 'UNT00005');--unite--

	--AIL DE POULET SAUCE CARAMEL--
	INSERT INTO AS_RECETTE values ('RC00332', 'PRDTMP000016', 'INGS000762', 250, 'UNT00001');
	INSERT INTO AS_RECETTE values ('RC00333', 'PRDTMP000016', 'INGS000628', 2, 'UNT00001');--pince--
	INSERT INTO AS_RECETTE values ('RC00334', 'PRDTMP000016', 'INGS000621', 2, 'UNT00001');--pince--
	INSERT INTO AS_RECETTE values ('RC00335', 'PRDTMP000016', 'INGS000761', 2, 'UNT00001');--pince--
	INSERT INTO AS_RECETTE values ('RC00336', 'PRDTMP000016', 'INGS000688', 4, 'UNT00001');
	INSERT INTO AS_RECETTE values ('RC00337', 'PRDTMP000016', 'INGS000629', 7.5, 'UNT00004');
	INSERT INTO AS_RECETTE values ('RC00338', 'PRDTMP000016', 'INGS000618', 7.5, 'UNT00004');
	INSERT INTO AS_RECETTE values ('RC00339', 'PRDTMP000016', 'INGS000641', 7.5, 'UNT00001');
	INSERT INTO AS_RECETTE values ('RC00340', 'PRDTMP000016', 'INGS000666', 30, 'UNT00004');

	--FARCE POISSON FARCI--
	INSERT INTO AS_RECETTE values ('RC00341', 'INGS000837', 'INGS000645', 9.375, 'UNT00001');
	INSERT INTO AS_RECETTE values ('RC00342', 'INGS000837', 'INGS000696', 13.75, 'UNT00001');
	INSERT INTO AS_RECETTE values ('RC00343', 'INGS000837', 'INGS000799', 250, 'UNT00001');
	INSERT INTO AS_RECETTE values ('RC00344', 'INGS000837', 'INGS000746', 0.25, 'UNT00005');--pce--
	INSERT INTO AS_RECETTE values ('RC00345', 'INGS000837', 'INGS000628', 3.75, 'UNT00001');
	INSERT INTO AS_RECETTE values ('RC00346', 'INGS000837', 'INGS000715', 5, 'UNT00001');
	INSERT INTO AS_RECETTE values ('RC00347', 'INGS000837', 'INGS000621', 1, 'UNT00001');--pince--
	INSERT INTO AS_RECETTE values ('RC00348', 'INGS000837', 'INGS000727', 18.75, 'UNT00001');
	INSERT INTO AS_RECETTE values ('RC00349', 'INGS000837', 'INGS000687', 12.5, 'UNT00001');
	INSERT INTO AS_RECETTE values ('RC00350', 'INGS000837', 'INGS000714', 18.75, 'UNT00001');
	INSERT INTO AS_RECETTE values ('RC00351', 'INGS000837', 'INGS000629', 3.75, 'UNT00004');
	INSERT INTO AS_RECETTE values ('RC00352', 'INGS000837', 'INGS000825', 35.75, 'UNT00001');

	--POULET ORIENTAL--
	INSERT INTO AS_RECETTE values ('RC00353', 'PRDTMP000017', 'INGS000782', 250, 'UNT00001');
	INSERT INTO AS_RECETTE values ('RC00354', 'PRDTMP000017', 'INGS000628', 1.5, 'UNT00001');--pince--
	INSERT INTO AS_RECETTE values ('RC00355', 'PRDTMP000017', 'INGS000621', 1, 'UNT00001');--pince--
	INSERT INTO AS_RECETTE values ('RC00356', 'PRDTMP000017', 'INGS000741', 2, 'UNT00001');
	INSERT INTO AS_RECETTE values ('RC00357', 'PRDTMP000017', 'INGS000754', 7.5, 'UNT00004');
	INSERT INTO AS_RECETTE values ('RC00358', 'PRDTMP000017', 'INGS000624', 0.125, 'UNT00005');--autre--
	INSERT INTO AS_RECETTE values ('RC00359', 'PRDTMP000017', 'INGS000641', 5, 'UNT00001');
	INSERT INTO AS_RECETTE values ('RC00360', 'PRDTMP000017', 'INGS000629', 3.75, 'UNT00004');
	INSERT INTO AS_RECETTE values ('RC00361', 'PRDTMP000017', 'INGS000676', 11.25, 'UNT00004');

	--SPAGETTI BOLOGNAISE--
	INSERT INTO AS_RECETTE values ('RC00362', 'PRDTMP000022', 'INGS000674', 1, 'UNT00004');
	INSERT INTO AS_RECETTE values ('RC00363', 'PRDTMP000022', 'INGS000724', 15, 'UNT00001');
	INSERT INTO AS_RECETTE values ('RC00364', 'PRDTMP000022', 'INGS000662', 30, 'UNT00001');
	INSERT INTO AS_RECETTE values ('RC00365', 'PRDTMP000022', 'INGS000754', 15, 'UNT00004');
	INSERT INTO AS_RECETTE values ('RC00367', 'PRDTMP000022', 'INGS000669', 30, 'UNT00004');
	INSERT INTO AS_RECETTE values ('RC00368', 'PRDTMP000022', 'INGS000800', 5, 'UNT00004');
	INSERT INTO AS_RECETTE values ('RC00369', 'PRDTMP000022', 'INGS000629', 5, 'UNT00004');
	INSERT INTO AS_RECETTE values ('RC00370', 'PRDTMP000022', 'INGS000628', 2, 'UNT00001');--pince--
	INSERT INTO AS_RECETTE values ('RC00371', 'PRDTMP000022', 'INGS000624', 0.25, 'UNT00005');--cube--
	INSERT INTO AS_RECETTE values ('RC00372', 'PRDTMP000022', 'INGS000621', 2, 'UNT00001');--pince--

	--SPAGETTI CARBONARA--
	INSERT INTO AS_RECETTE values ('RC00373', 'PRDTMP000023', 'INGS000699', 150, 'UNT00001');
	INSERT INTO AS_RECETTE values ('RC00374', 'PRDTMP000023', 'INGS000642', 20, 'UNT00001');
	INSERT INTO AS_RECETTE values ('RC00375', 'PRDTMP000023', 'INGS000795', 100, 'UNT00001');
	INSERT INTO AS_RECETTE values ('RC00376', 'PRDTMP000023', 'INGS000662', 20, 'UNT00001');
	INSERT INTO AS_RECETTE values ('RC00377', 'PRDTMP000023', 'INGS000621', 2, 'UNT00001');--pince--
	INSERT INTO AS_RECETTE values ('RC00378', 'PRDTMP000023', 'INGS000676', 30, 'UNT00004');
	INSERT INTO AS_RECETTE values ('RC00379', 'PRDTMP000023', 'INGS000730', 30, 'UNT00004');
	INSERT INTO AS_RECETTE values ('RC00380', 'PRDTMP000023', 'INGS000789', 30, 'UNT00004');
	INSERT INTO AS_RECETTE values ('RC00381', 'PRDTMP000023', 'INGS000746', 1, 'UNT00005');--unite--

	--HENAN KISOA SY RAVITOTO--
	INSERT INTO AS_RECETTE values ('RC00382', 'PRDTMP000011', 'INGS000788', 166.66, 'UNT00001');
	INSERT INTO AS_RECETTE values ('RC00383', 'PRDTMP000011', 'INGS000814', 83.33, 'UNT00001');
	INSERT INTO AS_RECETTE values ('RC00385', 'PRDTMP000011', 'INGS000662', 25, 'UNT00001');
	INSERT INTO AS_RECETTE values ('RC00386', 'PRDTMP000011', 'INGS000641', 2.5, 'UNT00001');
	INSERT INTO AS_RECETTE values ('RC00387', 'PRDTMP000011', 'INGS000628', 5, 'UNT00001');
	INSERT INTO AS_RECETTE values ('RC00388', 'PRDTMP000011', 'INGS000647', 25, 'UNT00004');
	INSERT INTO AS_RECETTE values ('RC00389', 'PRDTMP000011', 'INGS000622', 4.16, 'UNT00001');
	INSERT INTO AS_RECETTE values ('RC00390', 'PRDTMP000011', 'INGS000688', 8.33, 'UNT00001');
	INSERT INTO AS_RECETTE values ('RC00391', 'PRDTMP000011', 'INGS000825', 143, 'UNT00001');

	--CRABE SY ANAMALAHO SY ANGIVY--
	INSERT INTO AS_RECETTE values ('RC00392', 'PRDTMP000012', 'INGS000779', 433.33, 'UNT00001');
	INSERT INTO AS_RECETTE values ('RC00393', 'PRDTMP000012', 'INGS000674', 15, 'UNT00004');
	INSERT INTO AS_RECETTE values ('RC00394', 'PRDTMP000012', 'INGS000765', 33.33, 'UNT00001');
	INSERT INTO AS_RECETTE values ('RC00395', 'PRDTMP000012', 'INGS000767', 50, 'UNT00001');
	INSERT INTO AS_RECETTE values ('RC00396', 'PRDTMP000012', 'INGS000617', 33.33, 'UNT00001');
	INSERT INTO AS_RECETTE values ('RC00397', 'PRDTMP000012', 'INGS000662', 16.66, 'UNT00001');
	INSERT INTO AS_RECETTE values ('RC00398', 'PRDTMP000012', 'INGS000628', 10, 'UNT00001');
	INSERT INTO AS_RECETTE values ('RC00399', 'PRDTMP000012', 'INGS000624', 0.33, 'UNT00005');--cube--
	INSERT INTO AS_RECETTE values ('RC00401', 'PRDTMP000012', 'INGS000825', 47.66, 'UNT00001');
	INSERT INTO AS_RECETTE values ('RC00402', 'PRDTMP000012', 'INGS000816', 0.33, 'UNT00005');--unite--

	--HENANKISOA SY AMALONA--
	INSERT INTO AS_RECETTE values ('RC00403', 'PRDTMP000015', 'INGS000764', 142.85, 'UNT00001');
	INSERT INTO AS_RECETTE values ('RC00404', 'PRDTMP000015', 'INGS000628', 2.142, 'UNT00001');
	INSERT INTO AS_RECETTE values ('RC00405', 'PRDTMP000015', 'INGS000621', 0.856, 'UNT00001');--pince--
	INSERT INTO AS_RECETTE values ('RC00406', 'PRDTMP000015', 'INGS000634', 0.428, 'UNT00001');
	INSERT INTO AS_RECETTE values ('RC00407', 'PRDTMP000015', 'INGS000751', 4.285, 'UNT00001');
	INSERT INTO AS_RECETTE values ('RC00408', 'PRDTMP000015', 'INGS000674', 25.714, 'UNT00004');
	INSERT INTO AS_RECETTE values ('RC00409', 'PRDTMP000015', 'INGS000688', 3.571, 'UNT00001');
	INSERT INTO AS_RECETTE values ('RC00410', 'PRDTMP000015', 'INGS000788', 142.857, 'UNT00001');
	INSERT INTO AS_RECETTE values ('RC00411', 'PRDTMP000015', 'INGS000628', 1.428, 'UNT00001');
	INSERT INTO AS_RECETTE values ('RC00412', 'PRDTMP000015', 'INGS000753', 6.428, 'UNT00001');
	INSERT INTO AS_RECETTE values ('RC00413', 'PRDTMP000015', 'INGS000825', 20.428, 'UNT00001');
	INSERT INTO AS_RECETTE values ('RC00414', 'PRDTMP000015', 'INGS000816', 0.142, 'UNT00001');

	--HENANKISOA SY TRIPE--
	INSERT INTO AS_RECETTE values ('RC00415', 'PRDTMP000013', 'INGS000823', 166.66, 'UNT00001');
	INSERT INTO AS_RECETTE values ('RC00416', 'PRDTMP000013', 'INGS000753', 8.33, 'UNT00001');
	INSERT INTO AS_RECETTE values ('RC00417', 'PRDTMP000013', 'INGS000628', 1.66, 'UNT00001');
	INSERT INTO AS_RECETTE values ('RC00418', 'PRDTMP000013', 'INGS000688', 5, 'UNT00001');
	INSERT INTO AS_RECETTE values ('RC00419', 'PRDTMP000013', 'INGS000788', 166.66, 'UNT00001');
	INSERT INTO AS_RECETTE values ('RC00420', 'PRDTMP000013', 'INGS000628', 1.66, 'UNT00001');
	INSERT INTO AS_RECETTE values ('RC00421', 'PRDTMP000013', 'INGS000825', 23.833, 'UNT00001');
	INSERT INTO AS_RECETTE values ('RC00422', 'PRDTMP000013', 'INGS000816', 0.166, 'UNT00001');

	--LANGUE AUX POIVRE VERT--
	INSERT INTO AS_RECETTE values ('RC00423', 'PRDTMP000014', 'INGS000673', 250, 'UNT00001');
	INSERT INTO AS_RECETTE values ('RC00424', 'PRDTMP000014', 'INGS000688', 0.6, 'UNT00001');
	INSERT INTO AS_RECETTE values ('RC00425', 'PRDTMP000014', 'INGS000628', 2, 'UNT00001');
	INSERT INTO AS_RECETTE values ('RC00426', 'PRDTMP000014', 'INGS000662', 8, 'UNT00001');
	INSERT INTO AS_RECETTE values ('RC00427', 'PRDTMP000014', 'INGS000633', 6, 'UNT00001');
	INSERT INTO AS_RECETTE values ('RC00428', 'PRDTMP000014', 'INGS000624', 0.2, 'UNT00005');--cube--
	INSERT INTO AS_RECETTE values ('RC00429', 'PRDTMP000014', 'INGS000674', 12, 'UNT00004');
	INSERT INTO AS_RECETTE values ('RC00431', 'PRDTMP000014', 'INGS000825', 28.6, 'UNT00001');

	--POULET GASY--
	INSERT INTO AS_RECETTE values ('RC00433', 'PRDTMP000018', 'INGS000625', 1000, 'UNT00001');
	INSERT INTO AS_RECETTE values ('RC00434', 'PRDTMP000018', 'INGS000621', 4, 'UNT00001');--pince--
	INSERT INTO AS_RECETTE values ('RC00435', 'PRDTMP000018', 'INGS000677', 4, 'UNT00001');
	INSERT INTO AS_RECETTE values ('RC00436', 'PRDTMP000018', 'INGS000622', 5, 'UNT00001');
	INSERT INTO AS_RECETTE values ('RC00437', 'PRDTMP000018', 'INGS000758', 30, 'UNT00004');
	INSERT INTO AS_RECETTE values ('RC00438', 'PRDTMP000018', 'INGS000629', 30, 'UNT00004');
	INSERT INTO AS_RECETTE values ('RC00439', 'PRDTMP000018', 'INGS000759', 6, 'UNT00001');
	INSERT INTO AS_RECETTE values ('RC00440', 'PRDTMP000018', 'INGS000698', 6, 'UNT00001');
	INSERT INTO AS_RECETTE values ('RC00441', 'PRDTMP000018', 'INGS000742', 6, 'UNT00001');
	INSERT INTO AS_RECETTE values ('RC00442', 'PRDTMP000018', 'INGS000743', 6, 'UNT00001');
	INSERT INTO AS_RECETTE values ('RC00443', 'PRDTMP000018', 'INGS000635', 0.25, 'UNT00005');--piece--
	INSERT INTO AS_RECETTE values ('RC00444', 'PRDTMP000018', 'INGS000641', 15, 'UNT00001');

	--FRITE--
	INSERT INTO AS_RECETTE values ('RC00445', 'PRDTMP000029', 'INGS000806', 285, 'UNT00001');
	INSERT INTO AS_RECETTE values ('RC00446', 'PRDTMP000029', 'INGS000769', 40, 'UNT00001');
	INSERT INTO AS_RECETTE values ('RC00447', 'PRDTMP000029', 'INGS000677', 2, 'UNT00001');--pince--
	INSERT INTO AS_RECETTE values ('RC00448', 'PRDTMP000029', 'INGS000791', 20, 'UNT00001');
	INSERT INTO AS_RECETTE values ('RC00449', 'PRDTMP000029', 'INGS000798', 0, 'UNT00005');--unite--

	--CUISSES DE NYMPHE--
	INSERT INTO AS_RECETTE values ('RC00450', 'PRDTMP000040', 'INGS000704', 1, 'UNT00005');--douzaine--
	INSERT INTO AS_RECETTE values ('RC00451', 'PRDTMP000040', 'INGS000628', 4, 'UNT00001');--pince--
	INSERT INTO AS_RECETTE values ('RC00452', 'PRDTMP000040', 'INGS000621', 4, 'UNT00001');--pince--
	INSERT INTO AS_RECETTE values ('RC00453', 'PRDTMP000040', 'INGS000688', 2, 'UNT00001');
	INSERT INTO AS_RECETTE values ('RC00454', 'PRDTMP000040', 'INGS000751', 50, 'UNT00001');
	INSERT INTO AS_RECETTE values ('RC00455', 'PRDTMP000040', 'INGS000746', 1, 'UNT00005');--pce--
	INSERT INTO AS_RECETTE values ('RC00456', 'PRDTMP000040', 'INGS000624', 0.25, 'UNT00005');--cube--
	INSERT INTO AS_RECETTE values ('RC00457', 'PRDTMP000040', 'INGS000628', 2, 'UNT00001');--pince--
	INSERT INTO AS_RECETTE values ('RC00458', 'PRDTMP000040', 'INGS000621', 2, 'UNT00001');--pince--
	INSERT INTO AS_RECETTE values ('RC00460', 'PRDTMP000040', 'INGS000630', 50, 'UNT00001');
	INSERT INTO AS_RECETTE values ('RC00461', 'PRDTMP000040', 'INGS000688', 50, 'UNT00001');
	INSERT INTO AS_RECETTE values ('RC00462', 'PRDTMP000040', 'INGS000705', 30, 'UNT00001');
	INSERT INTO AS_RECETTE values ('RC00463', 'PRDTMP000040', 'INGS000777', 30, 'UNT00001');

	--ROULEAUX DE PRINTEMPS--
	INSERT INTO AS_RECETTE values ('RC00464', 'PRDTMP000038', 'INGS000658', 1, 'UNT00001');
	INSERT INTO AS_RECETTE values ('RC00465', 'PRDTMP000038', 'INGS000790', 0.125, 'UNT00005');--piece--
	INSERT INTO AS_RECETTE values ('RC00466', 'PRDTMP000038', 'INGS000714', 10, 'UNT00001');
	INSERT INTO AS_RECETTE values ('RC00468', 'PRDTMP000038', 'INGS000659', 20, 'UNT00001');
	INSERT INTO AS_RECETTE values ('RC00469', 'PRDTMP000038', 'INGS000686', 2, 'UNT00001');
	INSERT INTO AS_RECETTE values ('RC00470', 'PRDTMP000038', 'INGS000687', 2, 'UNT00001');
	INSERT INTO AS_RECETTE values ('RC00471', 'PRDTMP000038', 'INGS000723', 1, 'UNT00001');
	INSERT INTO AS_RECETTE values ('RC00472', 'PRDTMP000038', 'INGS000819', 20, 'UNT00001');

	

	--STEAK--
	INSERT INTO AS_RECETTE values ('RC00486', 'PRDTMP000024', 'INGS000760', 250, 'UNT00001');
	INSERT INTO AS_RECETTE values ('RC00487', 'PRDTMP000024', 'INGS000688', 2, 'UNT00001');
	INSERT INTO AS_RECETTE values ('RC00488', 'PRDTMP000024', 'INGS000753', 2, 'UNT00001');
	INSERT INTO AS_RECETTE values ('RC00489', 'PRDTMP000024', 'INGS000629', 9, 'UNT00004');
	INSERT INTO AS_RECETTE values ('RC00490', 'PRDTMP000024', 'INGS000628', 3, 'UNT00001');
	INSERT INTO AS_RECETTE values ('RC00491', 'PRDTMP000024', 'INGS000666', 12, 'UNT00004');
	INSERT INTO AS_RECETTE values ('RC00492', 'PRDTMP000024', 'INGS000624', 0.2, 'UNT00005');--cube--

	--MI SAO--
	INSERT INTO AS_RECETTE values ('RC00493', 'PRDTMP000019', 'INGS000751', 200, 'UNT00001');
	INSERT INTO AS_RECETTE values ('RC00494', 'PRDTMP000019', 'INGS000659', 80, 'UNT00001');
	INSERT INTO AS_RECETTE values ('RC00495', 'PRDTMP000019', 'INGS000643', 30, 'UNT00001');
	INSERT INTO AS_RECETTE values ('RC00496', 'PRDTMP000019', 'INGS000686', 30, 'UNT00001');
	INSERT INTO AS_RECETTE values ('RC00497', 'PRDTMP000019', 'INGS000661', 30, 'UNT00001');
	INSERT INTO AS_RECETTE values ('RC00498', 'PRDTMP000019', 'INGS000662', 20, 'UNT00001');
	INSERT INTO AS_RECETTE values ('RC00499', 'PRDTMP000019', 'INGS000727', 20, 'UNT00001');
	INSERT INTO AS_RECETTE values ('RC00500', 'PRDTMP000019', 'INGS000746', 1, 'UNT00005');--pce--
	INSERT INTO AS_RECETTE values ('RC00501', 'PRDTMP000019', 'INGS000629', 10, 'UNT00004');
	INSERT INTO AS_RECETTE values ('RC00502', 'PRDTMP000019', 'INGS000618', 15, 'UNT00004');
	INSERT INTO AS_RECETTE values ('RC00503', 'PRDTMP000019', 'INGS000752', 2, 'UNT00001');--pince--
	INSERT INTO AS_RECETTE values ('RC00503', 'PRDTMP000019', 'INGS000674', 60, 'UNT00004');
	INSERT INTO AS_RECETTE values ('RC00504', 'PRDTMP000019', 'INGS000640', 30, 'UNT00001');

	--CREPE--
	INSERT INTO AS_RECETTE values ('RC00505', 'INGS000838', 'INGS000751', 31.25, 'UNT00001');
	INSERT INTO AS_RECETTE values ('RC00506', 'INGS000838', 'INGS000746', 0.75, 'UNT00005');--pces--
	INSERT INTO AS_RECETTE values ('RC00507', 'INGS000838', 'INGS000674', 6.25, 'UNT00004');
	INSERT INTO AS_RECETTE values ('RC00508', 'INGS000838', 'INGS000676', 0.25, 'UNT00004');
	INSERT INTO AS_RECETTE values ('RC00509', 'INGS000838', 'INGS000622', 13.75, 'UNT00001');
	INSERT INTO AS_RECETTE values ('RC00510', 'INGS000838', 'INGS000628', 0.25, 'UNT00001');--pince--
	INSERT INTO AS_RECETTE values ('RC00511', 'INGS000838', 'INGS000730', 43.75, 'UNT00004');

	--BROCHETTE DE ZEBU--
	INSERT INTO AS_RECETTE values ('RC00513', 'PRDTMP000025', 'INGS000785', 200, 'UNT00001');
	INSERT INTO AS_RECETTE values ('RC00514', 'PRDTMP000025', 'INGS000810', 20, 'UNT00001');
	INSERT INTO AS_RECETTE values ('RC00515', 'PRDTMP000025', 'INGS000617', 20, 'UNT00001');
	INSERT INTO AS_RECETTE values ('RC00516', 'PRDTMP000025', 'INGS000661', 20, 'UNT00001');
	INSERT INTO AS_RECETTE values ('RC00517', 'PRDTMP000025', 'INGS000662', 30, 'UNT00001');

	--COTE PANE--
	INSERT INTO AS_RECETTE values ('RC00518', 'PRDTMP000026', 'INGS000778', 200, 'UNT00001');
	INSERT INTO AS_RECETTE values ('RC00519', 'PRDTMP000026', 'INGS000677', 4, 'UNT00001');--pince--
	INSERT INTO AS_RECETTE values ('RC00520', 'PRDTMP000026', 'INGS000621', 4, 'UNT00001');--pince--
	INSERT INTO AS_RECETTE values ('RC00521', 'PRDTMP000026', 'INGS000622', 6, 'UNT00001');--pince--
	INSERT INTO AS_RECETTE values ('RC00522', 'PRDTMP000026', 'INGS000763', 4, 'UNT00001');--pince--
	INSERT INTO AS_RECETTE values ('RC00523', 'PRDTMP000026', 'INGS000629', 1.25, 'UNT00005');--cac--

	--assiette saucisse chinoise--
	INSERT INTO AS_RECETTE values ('RC00524', 'ASP000140', 'INGS000817', 120, 'UNT00001');
	INSERT INTO AS_RECETTE values ('RC00525', 'ASP000140', 'INGS000629', 15, 'UNT00004');
	INSERT INTO AS_RECETTE values ('RC00526', 'ASP000140', 'INGS000674', 30, 'UNT00004');
	INSERT INTO AS_RECETTE values ('RC00527', 'ASP000140', 'INGS000617', 20, 'UNT00001');
	INSERT INTO AS_RECETTE values ('RC00528', 'ASP000140', 'INGS000810', 15, 'UNT00001');
	INSERT INTO AS_RECETTE values ('RC00529', 'ASP000140', 'INGS000686', 15, 'UNT00001');
	INSERT INTO AS_RECETTE values ('RC00530', 'ASP000140', 'INGS000705', 2, 'UNT00001');
	INSERT INTO AS_RECETTE values ('RC00531', 'ASP000140', 'INGS000628', 4, 'UNT00001');--pince--
	INSERT INTO AS_RECETTE values ('RC00532', 'ASP000140', 'INGS000621', 2, 'UNT00001');--pince--
	INSERT INTO AS_RECETTE values ('RC00533', 'ASP000140', 'INGS000662', 10, 'UNT00001');
		
		